"id_distributor","id_cabang","id_penjualan","id_invoice","tanggal","id_customer","id_barang","jumlah_barang","unit","harga","mata_uang","level","nama","id_cabang_sales","cabang_sales","id_grup","grup","kode_barang","nama_barang","nama_tipe","kode_lini","lini","kemasan"
TD,CAB01,IN6297-BRG0002,IN6297,2022-01-20,CUST55381,BRG0002,5.0,DUS,2337.50,IDR,Company,APOTEK MAJA,CAB02,Kuningan,Z32,Apotek,BRG0002,ALERGINE TABLET SALUT,Produk jadi,203,ETIKAL,DUS
TD,CAB01,IN5997-BRG0001,IN5997,2022-01-20,CUST55380,BRG0001,1.0,DUS,1169.91,IDR,Company,APOTEK TAPAK,CAB01,Aceh,Z32,Apotek,BRG0001,ACYCLOVIR DUS,Produk jadi,206,OGB & PH,DUS
TA,CAB02,IN6155-BRG0003,IN6155,2022-01-21,CUST55382,BRG0003,9.0,DUS,10690.60,IDR,Company,KLINIK GM,CAB03,Jakarta,Z31,Klinik,BRG0003,AMPICILLIN,Produk jadi,210,MARCKS,BOTOL
EPM,CAB03,IN6144-BRG0004,IN6144,2022-01-22,CUST55383,BRG0004,13.0,DUS,8700.70,IDR,Company,APOTEK MERDEKA,CAB04,Bandung,Z32,Apotek,BRG0004,TRAMADOL KAPSUL 50 MG,Produk jadi,201,VNS,KAPSUL
EPM,CAB03,IN6039-BRG0001,IN6039,2022-01-23,CUST55480,BRG0001,13.0,DUS,1169.91,IDR,Company,APOTEK MERDEKA,CAB04,Bandung,Z32,Apotek,BRG0001,ACYCLOVIR DUS,Produk jadi,206,OGB & PH,DUS
TD,CAB02,IN6183-BRG0003,IN6183,2022-01-23,CUST55498,BRG0003,25.0,DUS,5780.70,IDR,Company,APOTEK SAHABAT,CAB07,Padang,Z32,Apotek,BRG0003,AMPICILLIN,Produk jadi,210,MARCKS,BOTOL
EPM,CAB08,IN6065-BRG0005,IN6065,2022-01-23,CUST55474,BRG0005,4.0,DUS,5648.30,IDR,Company,KLINIK SAHABAT,CAB05,Tangerang,Z31,Klinik,BRG0005,KLORPROMAZINA TABLET SALUT SELAPUT 100 MG,Produk jadi,203,SLCYL,TABLET
TA,CAB03,IN6284-BRG0001,IN6284,2022-01-23,CUST55540,BRG0001,76.0,DUS,1169.91,IDR,Company,APOTEK MERDEKA,CAB04,Bandung,Z32,Apotek,BRG0001,ACYCLOVIR DUS,Produk jadi,206,OGB & PH,DUS
TD,CAB01,IN6317-BRG0003,IN6317,2022-01-23,CUST55522,BRG0003,10.0,DUS,10690.60,IDR,Company,APOTEK TAPAK,CAB01,Aceh,Z32,Apotek,BRG0003,AMPICILLIN,Produk jadi,210,MARCKS,BOTOL
TD,CAB02,IN6286-BRG0003,IN6286,2022-01-23,CUST55468,BRG0003,120.0,DUS,5780.70,IDR,Company,APOTEK SAHABAT,CAB07,Padang,Z32,Apotek,BRG0003,AMPICILLIN,Produk jadi,210,MARCKS,BOTOL
TD,CAB01,IN6318-BRG0003,IN6318,2022-01-23,CUST55462,BRG0003,21.8916083916084,DUS,10690.60,IDR,Company,APOTEK TAPAK,CAB01,Aceh,Z32,Apotek,BRG0003,AMPICILLIN,Produk jadi,210,MARCKS,BOTOL
EPM,CAB08,IN6221-BRG0005,IN6221,2022-01-23,CUST55504,BRG0005,25.0,DUS,5648.30,IDR,Company,KLINIK SAHABAT,CAB05,Tangerang,Z31,Klinik,BRG0005,KLORPROMAZINA TABLET SALUT SELAPUT 100 MG,Produk jadi,203,SLCYL,TABLET
TA,CAB05,IN6216-BRG0007,IN6216,2022-01-23,CUST55456,BRG0007,98.0,DUS,4592.10,IDR,Company,APOTEK MAJA,CAB02,Kuningan,Z32,Apotek,BRG0007,ERGOTAMINE COFFEINE,Produk jadi,206,ETIKAL,BOTOL
EPM,CAB03,IN6233-BRG0001,IN6233,2022-01-23,CUST55450,BRG0001,24.2412587412587,DUS,1169.91,IDR,Company,APOTEK MERDEKA,CAB04,Bandung,Z32,Apotek,BRG0001,ACYCLOVIR DUS,Produk jadi,206,OGB & PH,DUS
EPM,CAB02,IN6202-BRG0003,IN6202,2022-01-23,CUST55528,BRG0003,34.0,DUS,5780.70,IDR,Company,APOTEK SAHABAT,CAB07,Padang,Z32,Apotek,BRG0003,AMPICILLIN,Produk jadi,210,MARCKS,BOTOL
TD,CAB10,IN6190-BRG0001,IN6190,2022-01-23,CUST55390,BRG0001,2.0,DUS,1169.91,IDR,Company,APOTEK MERDEKA,CAB04,Bandung,Z32,Apotek,BRG0001,ACYCLOVIR DUS,Produk jadi,206,OGB & PH,DUS
TA,CAB03,IN6215-BRG0001,IN6215,2022-01-23,CUST55510,BRG0001,13.6678321678322,DUS,1169.91,IDR,Company,APOTEK MERDEKA,CAB04,Bandung,Z32,Apotek,BRG0001,ACYCLOVIR DUS,Produk jadi,206,OGB & PH,DUS
TD,CAB08,IN6220-BRG0005,IN6220,2022-01-23,CUST55444,BRG0005,48.0,DUS,5648.30,IDR,Company,KLINIK SAHABAT,CAB05,Tangerang,Z31,Klinik,BRG0005,KLORPROMAZINA TABLET SALUT SELAPUT 100 MG,Produk jadi,203,SLCYL,TABLET
TD,CAB02,IN6217-BRG0003,IN6217,2022-01-23,CUST55438,BRG0003,5.0,DUS,5780.70,IDR,Company,APOTEK SAHABAT,CAB07,Padang,Z32,Apotek,BRG0003,AMPICILLIN,Produk jadi,210,MARCKS,BOTOL
TA,CAB01,IN6125-BRG0003,IN6125,2022-01-23,CUST55402,BRG0003,13.6678321678322,DUS,10690.60,IDR,Company,APOTEK TAPAK,CAB01,Aceh,Z32,Apotek,BRG0003,AMPICILLIN,Produk jadi,210,MARCKS,BOTOL
TA,CAB01,IN5980-BRG0003,IN5980,2022-01-23,CUST55432,BRG0003,20.0,DUS,10690.60,IDR,Company,APOTEK TAPAK,CAB01,Aceh,Z32,Apotek,BRG0003,AMPICILLIN,Produk jadi,210,MARCKS,BOTOL
TD,CAB07,IN6251-BRG0008,IN6251,2022-01-23,CUST55387,BRG0008,1.0,DUS,3991.90,IDR,Company,APOTEK TAPAK,CAB01,Aceh,Z32,Apotek,BRG0008,TETRACYCLINE KAPSUL 250 MG,Produk jadi,204,MARCKS,KAPSUL
EPM,CAB05,IN6311-BRG0007,IN6311,2022-01-23,CUST55426,BRG0007,7.0,DUS,4592.10,IDR,Company,APOTEK MAJA,CAB02,Kuningan,Z32,Apotek,BRG0007,ERGOTAMINE COFFEINE,Produk jadi,206,ETIKAL,BOTOL
EPM,CAB08,IN6242-BRG0005,IN6242,2022-01-23,CUST55534,BRG0005,44.0,DUS,5648.30,IDR,Company,KLINIK SAHABAT,CAB05,Tangerang,Z31,Klinik,BRG0005,KLORPROMAZINA TABLET SALUT SELAPUT 100 MG,Produk jadi,203,SLCYL,TABLET
TD,CAB02,IN6086-BRG0003,IN6086,2022-01-23,CUST55408,BRG0003,13.6678321678322,DUS,5780.70,IDR,Company,APOTEK SAHABAT,CAB07,Padang,Z32,Apotek,BRG0003,AMPICILLIN,Produk jadi,210,MARCKS,BOTOL
TD,CAB01,IN6289-BRG0003,IN6289,2022-01-23,CUST55492,BRG0003,25.0,DUS,10690.60,IDR,Company,APOTEK TAPAK,CAB01,Aceh,Z32,Apotek,BRG0003,AMPICILLIN,Produk jadi,210,MARCKS,BOTOL
TD,CAB04,IN6280-BRG0005,IN6280,2022-01-23,CUST55384,BRG0005,1.0,DUS,5648.30,IDR,Company,KLINIK SAHABAT,CAB05,Tangerang,Z31,Klinik,BRG0005,KLORPROMAZINA TABLET SALUT SELAPUT 100 MG,Produk jadi,203,SLCYL,TABLET
EPM,CAB03,IN6028-BRG0001,IN6028,2022-01-23,CUST55420,BRG0001,98.0,DUS,1169.91,IDR,Company,APOTEK MERDEKA,CAB04,Bandung,Z32,Apotek,BRG0001,ACYCLOVIR DUS,Produk jadi,206,OGB & PH,DUS
TD,CAB08,IN5991-BRG0005,IN5991,2022-01-23,CUST55414,BRG0005,24.2412587412587,DUS,5648.30,IDR,Company,KLINIK SAHABAT,CAB05,Tangerang,Z31,Klinik,BRG0005,KLORPROMAZINA TABLET SALUT SELAPUT 100 MG,Produk jadi,203,SLCYL,TABLET
TA,CAB05,IN6052-BRG0006,IN6052,2022-01-23,CUST55385,BRG0006,5.0,DUS,2819.20,IDR,Company,APOTEK SINAR JAYA,CAB06,Bekasi,Z32,Apotek,BRG0006,KETOCONAZOLE TABLET 200 MG,Produk jadi,205,OGB & PH,TABLET
TA,CAB05,IN6210-BRG0007,IN6210,2022-01-23,CUST55486,BRG0007,4.0,DUS,4592.10,IDR,Company,APOTEK MAJA,CAB02,Kuningan,Z32,Apotek,BRG0007,ERGOTAMINE COFFEINE,Produk jadi,206,ETIKAL,BOTOL
TD,CAB05,IN6308-BRG0007,IN6308,2022-01-23,CUST55516,BRG0007,67.0,DUS,4592.10,IDR,Company,APOTEK MAJA,CAB02,Kuningan,Z32,Apotek,BRG0007,ERGOTAMINE COFFEINE,Produk jadi,206,ETIKAL,BOTOL
EPM,CAB05,IN6307-BRG0007,IN6307,2022-01-23,CUST55396,BRG0007,13.6678321678322,DUS,4592.10,IDR,Company,APOTEK MAJA,CAB02,Kuningan,Z32,Apotek,BRG0007,ERGOTAMINE COFFEINE,Produk jadi,206,ETIKAL,BOTOL
EPM,CAB06,IN6089-BRG0007,IN6089,2022-01-25,CUST55386,BRG0007,9.0,DUS,4592.10,IDR,Company,APOTEK SAHABAT,CAB07,Padang,Z32,Apotek,BRG0007,ERGOTAMINE COFFEINE,Produk jadi,206,ETIKAL,BOTOL
TA,CAB06,IN6146-BRG0003,IN6146,2022-01-27,CUST55412,BRG0003,25.0,DUS,10690.60,IDR,Company,KLINIK GM,CAB03,Jakarta,Z31,Klinik,BRG0003,AMPICILLIN,Produk jadi,210,MARCKS,BOTOL
TA,CAB01,IN6161-BRG0001,IN6161,2022-01-27,CUST55466,BRG0001,24.2412587412587,DUS,4592.10,IDR,Company,KLINIK SAHABAT,CAB05,Tangerang,Z31,Klinik,BRG0001,ACYCLOVIR DUS,Produk jadi,206,OGB & PH,DUS
TA,CAB06,IN6124-BRG0003,IN6124,2022-01-27,CUST55442,BRG0003,95.0,DUS,10690.60,IDR,Company,KLINIK GM,CAB03,Jakarta,Z31,Klinik,BRG0003,AMPICILLIN,Produk jadi,210,MARCKS,BOTOL
TD,CAB03,IN6003-BRG0005,IN6003,2022-01-27,CUST55424,BRG0005,9.0,DUS,5648.30,IDR,Company,KLINIK DR. ANDRI,CAB08,Lampung,Z31,Klinik,BRG0005,KLORPROMAZINA TABLET SALUT SELAPUT 100 MG,Produk jadi,203,SLCYL,TABLET
EPM,CAB09,IN6238-BRG0001,IN6238,2022-01-27,CUST55460,BRG0001,9.0,DUS,1169.91,IDR,Company,APOTEK SINAR JAYA,CAB06,Bekasi,Z32,Apotek,BRG0001,ACYCLOVIR DUS,Produk jadi,206,OGB & PH,DUS
TD,CAB01,IN6136-BRG0001,IN6136,2022-01-27,CUST55526,BRG0001,78.0,DUS,4592.10,IDR,Company,KLINIK SAHABAT,CAB05,Tangerang,Z31,Klinik,BRG0001,ACYCLOVIR DUS,Produk jadi,206,OGB & PH,DUS
EPM,CAB03,IN6258-BRG0005,IN6258,2022-01-27,CUST55484,BRG0005,1.0,DUS,5648.30,IDR,Company,KLINIK DR. ANDRI,CAB08,Lampung,Z31,Klinik,BRG0005,KLORPROMAZINA TABLET SALUT SELAPUT 100 MG,Produk jadi,203,SLCYL,TABLET
TD,CAB01,IN6228-BRG0009,IN6228,2022-01-27,CUST55508,BRG0009,12.493006993007,DUS,5780.70,IDR,Company,APOTEK MAJA,CAB02,Kuningan,Z32,Apotek,BRG0009,AMBROXOL HC,Produk jadi,207,VNS,BOTOL
TD,CAB01,IN6327-BRG0009,IN6327,2022-01-27,CUST55448,BRG0009,25.0,DUS,5780.70,IDR,Company,APOTEK MAJA,CAB02,Kuningan,Z32,Apotek,BRG0009,AMBROXOL HC,Produk jadi,207,VNS,BOTOL
EPM,CAB01,IN6173-BRG0001,IN6173,2022-01-27,CUST55406,BRG0001,12.493006993007,DUS,4592.10,IDR,Company,KLINIK SAHABAT,CAB05,Tangerang,Z31,Klinik,BRG0001,ACYCLOVIR DUS,Produk jadi,206,OGB & PH,DUS
EPM,CAB03,IN6299-BRG0005,IN6299,2022-01-27,CUST55514,BRG0005,12.0,DUS,5648.30,IDR,Company,KLINIK DR. ANDRI,CAB08,Lampung,Z31,Klinik,BRG0005,KLORPROMAZINA TABLET SALUT SELAPUT 100 MG,Produk jadi,203,SLCYL,TABLET
TD,CAB09,IN6113-BRG0001,IN6113,2022-01-27,CUST55400,BRG0001,12.493006993007,DUS,1169.91,IDR,Company,APOTEK SINAR JAYA,CAB06,Bekasi,Z32,Apotek,BRG0001,ACYCLOVIR DUS,Produk jadi,206,OGB & PH,DUS
TD,CAB03,IN6188-BRG0005,IN6188,2022-01-27,CUST55454,BRG0005,10.0,DUS,5648.30,IDR,Company,KLINIK DR. ANDRI,CAB08,Lampung,Z31,Klinik,BRG0005,KLORPROMAZINA TABLET SALUT SELAPUT 100 MG,Produk jadi,203,SLCYL,TABLET
TD,CAB01,IN6095-BRG0009,IN6095,2022-01-27,CUST55478,BRG0009,5.0,DUS,5780.70,IDR,Company,APOTEK MAJA,CAB02,Kuningan,Z32,Apotek,BRG0009,AMBROXOL HC,Produk jadi,207,VNS,BOTOL
TD,CAB01,IN6131-BRG0009,IN6131,2022-01-27,CUST55418,BRG0009,10.0,DUS,5780.70,IDR,Company,APOTEK MAJA,CAB02,Kuningan,Z32,Apotek,BRG0009,AMBROXOL HC,Produk jadi,207,VNS,BOTOL
TA,CAB09,IN6062-BRG0001,IN6062,2022-01-27,CUST55490,BRG0001,11.9055944055944,DUS,1169.91,IDR,Company,APOTEK SINAR JAYA,CAB06,Bekasi,Z32,Apotek,BRG0001,ACYCLOVIR DUS,Produk jadi,206,OGB & PH,DUS
EPM,CAB09,IN6306-BRG0001,IN6306,2022-01-27,CUST55430,BRG0001,45.0,DUS,1169.91,IDR,Company,APOTEK SINAR JAYA,CAB06,Bekasi,Z32,Apotek,BRG0001,ACYCLOVIR DUS,Produk jadi,206,OGB & PH,DUS
EPM,CAB01,IN6066-BRG0009,IN6066,2022-01-27,CUST55538,BRG0009,12.0,DUS,5780.70,IDR,Company,APOTEK MAJA,CAB02,Kuningan,Z32,Apotek,BRG0009,AMBROXOL HC,Produk jadi,207,VNS,BOTOL
TD,CAB06,IN6074-BRG0003,IN6074,2022-01-27,CUST55472,BRG0003,98.0,DUS,10690.60,IDR,Company,KLINIK GM,CAB03,Jakarta,Z31,Klinik,BRG0003,AMPICILLIN,Produk jadi,210,MARCKS,BOTOL
TD,CAB03,IN6024-BRG0005,IN6024,2022-01-27,CUST55394,BRG0005,12.493006993007,DUS,5648.30,IDR,Company,KLINIK DR. ANDRI,CAB08,Lampung,Z31,Klinik,BRG0005,KLORPROMAZINA TABLET SALUT SELAPUT 100 MG,Produk jadi,203,SLCYL,TABLET
TA,CAB08,IN6036-BRG0009,IN6036,2022-01-27,CUST55388,BRG0009,23.0,DUS,5780.70,IDR,Company,APOTEK MAJA,CAB02,Kuningan,Z32,Apotek,BRG0009,AMBROXOL HC,Produk jadi,207,VNS,BOTOL
TD,CAB06,IN6058-BRG0003,IN6058,2022-01-27,CUST55532,BRG0003,34.0,DUS,10690.60,IDR,Company,KLINIK GM,CAB03,Jakarta,Z31,Klinik,BRG0003,AMPICILLIN,Produk jadi,210,MARCKS,BOTOL
TA,CAB01,IN6219-BRG0001,IN6219,2022-01-27,CUST55436,BRG0001,34.0,DUS,4592.10,IDR,Company,KLINIK SAHABAT,CAB05,Tangerang,Z31,Klinik,BRG0001,ACYCLOVIR DUS,Produk jadi,206,OGB & PH,DUS
TA,CAB09,IN6205-BRG0001,IN6205,2022-01-27,CUST55520,BRG0001,8.0,DUS,1169.91,IDR,Company,APOTEK SINAR JAYA,CAB06,Bekasi,Z32,Apotek,BRG0001,ACYCLOVIR DUS,Produk jadi,206,OGB & PH,DUS
TA,CAB01,IN6103-BRG0001,IN6103,2022-01-27,CUST55496,BRG0001,15.4300699300699,DUS,4592.10,IDR,Company,KLINIK SAHABAT,CAB05,Tangerang,Z31,Klinik,BRG0001,ACYCLOVIR DUS,Produk jadi,206,OGB & PH,DUS
TD,CAB06,IN6118-BRG0003,IN6118,2022-01-27,CUST55502,BRG0003,18.9545454545454,DUS,10690.60,IDR,Company,KLINIK GM,CAB03,Jakarta,Z31,Klinik,BRG0003,AMPICILLIN,Produk jadi,210,MARCKS,BOTOL
EPM,CAB10,IN6167-BRG0002,IN6167,2022-01-28,CUST55491,BRG0002,12.493006993007,DUS,2337.50,IDR,Company,APOTEK SAHABAT,CAB07,Padang,Z32,Apotek,BRG0002,ALERGINE TABLET SALUT,Produk jadi,203,ETIKAL,DUS
TA,CAB02,IN6262-BRG0010,IN6262,2022-01-28,CUST55419,BRG0010,67.0,DUS,6940.30,IDR,Company,KLINIK GM,CAB03,Jakarta,Z31,Klinik,BRG0010,PARACETAMOL,Produk jadi,208,SLCYL,BOTOL
TD,CAB01,IN6013-BRG0002,IN6013,2022-01-28,CUST55407,BRG0002,25.0,DUS,3991.90,IDR,Company,APOTEK SINAR JAYA,CAB06,Bekasi,Z32,Apotek,BRG0002,ALERGINE TABLET SALUT,Produk jadi,203,ETIKAL,DUS
TA,CAB04,IN6247-BRG0006,IN6247,2022-01-28,CUST55425,BRG0006,10.0,DUS,2819.20,IDR,Company,APOTEK TAPAK,CAB01,Aceh,Z32,Apotek,BRG0006,KETOCONAZOLE TABLET 200 MG,Produk jadi,205,OGB & PH,TABLET
TD,CAB02,IN6303-BRG0010,IN6303,2022-01-28,CUST55539,BRG0010,95.0,DUS,6940.30,IDR,Company,KLINIK GM,CAB03,Jakarta,Z31,Klinik,BRG0010,PARACETAMOL,Produk jadi,208,SLCYL,BOTOL
TA,CAB07,IN6246-BRG0004,IN6246,2022-01-28,CUST55533,BRG0004,34.0,DUS,8700.70,IDR,Company,APOTEK MERDEKA,CAB04,Bandung,Z32,Apotek,BRG0004,TRAMADOL KAPSUL 50 MG,Produk jadi,201,VNS,KAPSUL
TD,CAB10,IN6253-BRG0002,IN6253,2022-01-28,CUST55431,BRG0002,34.0,DUS,2337.50,IDR,Company,APOTEK SAHABAT,CAB07,Padang,Z32,Apotek,BRG0002,ALERGINE TABLET SALUT,Produk jadi,203,ETIKAL,DUS
EPM,CAB01,IN6053-BRG0002,IN6053,2022-01-28,CUST55437,BRG0002,44.0,DUS,3991.90,IDR,Company,APOTEK SINAR JAYA,CAB06,Bekasi,Z32,Apotek,BRG0002,ALERGINE TABLET SALUT,Produk jadi,203,ETIKAL,DUS
TD,CAB10,IN6141-BRG0002,IN6141,2022-01-28,CUST55401,BRG0002,25.0,DUS,2337.50,IDR,Company,APOTEK SAHABAT,CAB07,Padang,Z32,Apotek,BRG0002,ALERGINE TABLET SALUT,Produk jadi,203,ETIKAL,DUS
EPM,CAB09,IN6029-BRG0010,IN6029,2022-01-28,CUST55389,BRG0010,4.0,DUS,6940.30,IDR,Company,KLINIK GM,CAB03,Jakarta,Z31,Klinik,BRG0010,PARACETAMOL,Produk jadi,208,SLCYL,BOTOL
EPM,CAB07,IN5981-BRG0004,IN5981,2022-01-28,CUST55443,BRG0004,76.0,DUS,8700.70,IDR,Company,APOTEK MERDEKA,CAB04,Bandung,Z32,Apotek,BRG0004,TRAMADOL KAPSUL 50 MG,Produk jadi,201,VNS,KAPSUL
TD,CAB02,IN6199-BRG0010,IN6199,2022-01-28,CUST55509,BRG0010,25.0,DUS,6940.30,IDR,Company,KLINIK GM,CAB03,Jakarta,Z31,Klinik,BRG0010,PARACETAMOL,Produk jadi,208,SLCYL,BOTOL
TA,CAB02,IN6119-BRG0010,IN6119,2022-01-28,CUST55449,BRG0010,13.6678321678322,DUS,6940.30,IDR,Company,KLINIK GM,CAB03,Jakarta,Z31,Klinik,BRG0010,PARACETAMOL,Produk jadi,208,SLCYL,BOTOL
TA,CAB01,IN6314-BRG0002,IN6314,2022-01-28,CUST55527,BRG0002,45.0,DUS,3991.90,IDR,Company,APOTEK SINAR JAYA,CAB06,Bekasi,Z32,Apotek,BRG0002,ALERGINE TABLET SALUT,Produk jadi,203,ETIKAL,DUS
TD,CAB04,IN6116-BRG0006,IN6116,2022-01-28,CUST55455,BRG0006,67.0,DUS,2819.20,IDR,Company,APOTEK TAPAK,CAB01,Aceh,Z32,Apotek,BRG0006,KETOCONAZOLE TABLET 200 MG,Produk jadi,205,OGB & PH,TABLET
TD,CAB10,IN6214-BRG0002,IN6214,2022-01-28,CUST55461,BRG0002,21.3041958041958,DUS,2337.50,IDR,Company,APOTEK SAHABAT,CAB07,Padang,Z32,Apotek,BRG0002,ALERGINE TABLET SALUT,Produk jadi,203,ETIKAL,DUS
TA,CAB07,IN6162-BRG0004,IN6162,2022-01-28,CUST55503,BRG0004,12.493006993007,DUS,8700.70,IDR,Company,APOTEK MERDEKA,CAB04,Bandung,Z32,Apotek,BRG0004,TRAMADOL KAPSUL 50 MG,Produk jadi,201,VNS,KAPSUL
EPM,CAB01,IN6292-BRG0002,IN6292,2022-01-28,CUST55467,BRG0002,10.0,DUS,3991.90,IDR,Company,APOTEK SINAR JAYA,CAB06,Bekasi,Z32,Apotek,BRG0002,ALERGINE TABLET SALUT,Produk jadi,203,ETIKAL,DUS
TD,CAB04,IN6064-BRG0006,IN6064,2022-01-28,CUST55515,BRG0006,10.0,DUS,2819.20,IDR,Company,APOTEK TAPAK,CAB01,Aceh,Z32,Apotek,BRG0006,KETOCONAZOLE TABLET 200 MG,Produk jadi,205,OGB & PH,TABLET
TA,CAB07,IN6200-BRG0004,IN6200,2022-01-28,CUST55473,BRG0004,5.0,DUS,8700.70,IDR,Company,APOTEK MERDEKA,CAB04,Bandung,Z32,Apotek,BRG0004,TRAMADOL KAPSUL 50 MG,Produk jadi,201,VNS,KAPSUL
TA,CAB04,IN6184-BRG0006,IN6184,2022-01-28,CUST55395,BRG0006,25.0,DUS,2819.20,IDR,Company,APOTEK TAPAK,CAB01,Aceh,Z32,Apotek,BRG0006,KETOCONAZOLE TABLET 200 MG,Produk jadi,205,OGB & PH,TABLET
EPM,CAB10,IN6325-BRG0002,IN6325,2022-01-28,CUST55521,BRG0002,9.0,DUS,2337.50,IDR,Company,APOTEK SAHABAT,CAB07,Padang,Z32,Apotek,BRG0002,ALERGINE TABLET SALUT,Produk jadi,203,ETIKAL,DUS
TA,CAB02,IN6049-BRG0010,IN6049,2022-01-28,CUST55479,BRG0010,9.0,DUS,6940.30,IDR,Company,KLINIK GM,CAB03,Jakarta,Z31,Klinik,BRG0010,PARACETAMOL,Produk jadi,208,SLCYL,BOTOL
EPM,CAB01,IN6172-BRG0002,IN6172,2022-01-28,CUST55497,BRG0002,12.493006993007,DUS,3991.90,IDR,Company,APOTEK SINAR JAYA,CAB06,Bekasi,Z32,Apotek,BRG0002,ALERGINE TABLET SALUT,Produk jadi,203,ETIKAL,DUS
TD,CAB04,IN6070-BRG0006,IN6070,2022-01-28,CUST55485,BRG0006,23.0,DUS,2819.20,IDR,Company,APOTEK TAPAK,CAB01,Aceh,Z32,Apotek,BRG0006,KETOCONAZOLE TABLET 200 MG,Produk jadi,205,OGB & PH,TABLET
EPM,CAB07,IN6230-BRG0004,IN6230,2022-01-28,CUST55413,BRG0004,13.6678321678322,DUS,8700.70,IDR,Company,APOTEK MERDEKA,CAB04,Bandung,Z32,Apotek,BRG0004,TRAMADOL KAPSUL 50 MG,Produk jadi,201,VNS,KAPSUL
TD,CAB03,IN6279-BRG0004,IN6279,2022-01-30,CUST55529,BRG0004,20.0,DUS,6940.30,IDR,Company,KLINIK DR. ANDRI,CAB08,Lampung,Z31,Klinik,BRG0004,TRAMADOL KAPSUL 50 MG,Produk jadi,201,VNS,KAPSUL
TD,CAB01,IN6163-BRG0002,IN6163,2022-01-30,CUST55421,BRG0002,5.0,DUS,2337.50,IDR,Company,KLINIK SAHABAT,CAB05,Tangerang,Z31,Klinik,BRG0002,ALERGINE TABLET SALUT,Produk jadi,203,ETIKAL,DUS
TA,CAB03,IN6323-BRG0004,IN6323,2022-01-30,CUST55439,BRG0004,6.0,DUS,6940.30,IDR,Company,KLINIK DR. ANDRI,CAB08,Lampung,Z31,Klinik,BRG0004,TRAMADOL KAPSUL 50 MG,Produk jadi,201,VNS,KAPSUL
TA,CAB03,IN6008-BRG0004,IN6008,2022-01-30,CUST55469,BRG0004,12.0,DUS,6940.30,IDR,Company,KLINIK DR. ANDRI,CAB08,Lampung,Z31,Klinik,BRG0004,TRAMADOL KAPSUL 50 MG,Produk jadi,201,VNS,KAPSUL
EPM,CAB01,IN6104-BRG0004,IN6104,2022-01-30,CUST55433,BRG0004,45.0,DUS,8700.70,IDR,Company,APOTEK MAJA,CAB02,Kuningan,Z32,Apotek,BRG0004,TRAMADOL KAPSUL 50 MG,Produk jadi,201,VNS,KAPSUL
TD,CAB09,IN5982-BRG0006,IN5982,2022-01-30,CUST55535,BRG0006,5.0,DUS,2819.20,IDR,Company,APOTEK SINAR JAYA,CAB06,Bekasi,Z32,Apotek,BRG0006,KETOCONAZOLE TABLET 200 MG,Produk jadi,205,OGB & PH,TABLET
EPM,CAB01,IN6176-BRG0004,IN6176,2022-01-30,CUST55403,BRG0004,17.7797202797203,DUS,8700.70,IDR,Company,APOTEK MAJA,CAB02,Kuningan,Z32,Apotek,BRG0004,TRAMADOL KAPSUL 50 MG,Produk jadi,201,VNS,KAPSUL
TA,CAB09,IN6281-BRG0006,IN6281,2022-01-30,CUST55415,BRG0006,10.0,DUS,2819.20,IDR,Company,APOTEK SINAR JAYA,CAB06,Bekasi,Z32,Apotek,BRG0006,KETOCONAZOLE TABLET 200 MG,Produk jadi,205,OGB & PH,TABLET
TD,CAB03,IN6278-BRG0004,IN6278,2022-01-30,CUST55499,BRG0004,13.6678321678322,DUS,6940.30,IDR,Company,KLINIK DR. ANDRI,CAB08,Lampung,Z31,Klinik,BRG0004,TRAMADOL KAPSUL 50 MG,Produk jadi,201,VNS,KAPSUL
TD,CAB09,IN6208-BRG0006,IN6208,2022-01-30,CUST55475,BRG0006,8.0,DUS,2819.20,IDR,Company,APOTEK SINAR JAYA,CAB06,Bekasi,Z32,Apotek,BRG0006,KETOCONAZOLE TABLET 200 MG,Produk jadi,205,OGB & PH,TABLET
TA,CAB01,IN6305-BRG0004,IN6305,2022-01-30,CUST55493,BRG0004,13.6678321678322,DUS,8700.70,IDR,Company,APOTEK MAJA,CAB02,Kuningan,Z32,Apotek,BRG0004,TRAMADOL KAPSUL 50 MG,Produk jadi,201,VNS,KAPSUL
EPM,CAB06,IN6083-BRG0008,IN6083,2022-01-30,CUST55487,BRG0008,2.0,DUS,3991.90,IDR,Company,KLINIK GM,CAB03,Jakarta,Z31,Klinik,BRG0008,TETRACYCLINE KAPSUL 250 MG,Produk jadi,204,MARCKS,KAPSUL
TD,CAB06,IN6248-BRG0008,IN6248,2022-01-30,CUST55427,BRG0008,100.0,DUS,3991.90,IDR,Company,KLINIK GM,CAB03,Jakarta,Z31,Klinik,BRG0008,TETRACYCLINE KAPSUL 250 MG,Produk jadi,204,MARCKS,KAPSUL
TD,CAB06,IN6245-BRG0008,IN6245,2022-01-30,CUST55397,BRG0008,34.0,DUS,3991.90,IDR,Company,KLINIK GM,CAB03,Jakarta,Z31,Klinik,BRG0008,TETRACYCLINE KAPSUL 250 MG,Produk jadi,204,MARCKS,KAPSUL
TD,CAB01,IN6287-BRG0002,IN6287,2022-01-30,CUST55391,BRG0002,17.0,DUS,2337.50,IDR,Company,KLINIK SAHABAT,CAB05,Tangerang,Z31,Klinik,BRG0002,ALERGINE TABLET SALUT,Produk jadi,203,ETIKAL,DUS
TA,CAB06,IN6038-BRG0008,IN6038,2022-01-30,CUST55517,BRG0008,98.0,DUS,3991.90,IDR,Company,KLINIK GM,CAB03,Jakarta,Z31,Klinik,BRG0008,TETRACYCLINE KAPSUL 250 MG,Produk jadi,204,MARCKS,KAPSUL
TD,CAB01,IN6235-BRG0002,IN6235,2022-01-30,CUST55451,BRG0002,10.0,DUS,2337.50,IDR,Company,KLINIK SAHABAT,CAB05,Tangerang,Z31,Klinik,BRG0002,ALERGINE TABLET SALUT,Produk jadi,203,ETIKAL,DUS
EPM,CAB06,IN6099-BRG0008,IN6099,2022-01-30,CUST55457,BRG0008,5.0,DUS,3991.90,IDR,Company,KLINIK GM,CAB03,Jakarta,Z31,Klinik,BRG0008,TETRACYCLINE KAPSUL 250 MG,Produk jadi,204,MARCKS,KAPSUL
TD,CAB09,IN6170-BRG0006,IN6170,2022-01-30,CUST55505,BRG0006,13.6678321678322,DUS,2819.20,IDR,Company,APOTEK SINAR JAYA,CAB06,Bekasi,Z32,Apotek,BRG0006,KETOCONAZOLE TABLET 200 MG,Produk jadi,205,OGB & PH,TABLET
TD,CAB09,IN6122-BRG0006,IN6122,2022-01-30,CUST55445,BRG0006,21.3041958041958,DUS,2819.20,IDR,Company,APOTEK SINAR JAYA,CAB06,Bekasi,Z32,Apotek,BRG0006,KETOCONAZOLE TABLET 200 MG,Produk jadi,205,OGB & PH,TABLET
EPM,CAB01,IN6107-BRG0002,IN6107,2022-01-30,CUST55511,BRG0002,24.2412587412587,DUS,2337.50,IDR,Company,KLINIK SAHABAT,CAB05,Tangerang,Z31,Klinik,BRG0002,ALERGINE TABLET SALUT,Produk jadi,203,ETIKAL,DUS
TD,CAB01,IN6276-BRG0002,IN6276,2022-01-30,CUST55481,BRG0002,1.0,DUS,2337.50,IDR,Company,KLINIK SAHABAT,CAB05,Tangerang,Z31,Klinik,BRG0002,ALERGINE TABLET SALUT,Produk jadi,203,ETIKAL,DUS
TA,CAB03,IN6108-BRG0004,IN6108,2022-01-30,CUST55409,BRG0004,21.3041958041958,DUS,6940.30,IDR,Company,KLINIK DR. ANDRI,CAB08,Lampung,Z31,Klinik,BRG0004,TRAMADOL KAPSUL 50 MG,Produk jadi,201,VNS,KAPSUL
TA,CAB01,IN6256-BRG0004,IN6256,2022-01-30,CUST55463,BRG0004,12.493006993007,DUS,8700.70,IDR,Company,APOTEK MAJA,CAB02,Kuningan,Z32,Apotek,BRG0004,TRAMADOL KAPSUL 50 MG,Produk jadi,201,VNS,KAPSUL
EPM,CAB01,IN6240-BRG0002,IN6240,2022-01-30,CUST55541,BRG0002,48.0,DUS,2337.50,IDR,Company,KLINIK SAHABAT,CAB05,Tangerang,Z31,Klinik,BRG0002,ALERGINE TABLET SALUT,Produk jadi,203,ETIKAL,DUS
TA,CAB01,IN6025-BRG0004,IN6025,2022-01-30,CUST55523,BRG0004,7.0,DUS,8700.70,IDR,Company,APOTEK MAJA,CAB02,Kuningan,Z32,Apotek,BRG0004,TRAMADOL KAPSUL 50 MG,Produk jadi,201,VNS,KAPSUL
TD,CAB01,IN6152-BRG0003,IN6152,2022-01-31,CUST55512,BRG0003,10.0,DUS,10690.60,IDR,Company,APOTEK SINAR JAYA,CAB06,Bekasi,Z32,Apotek,BRG0003,AMPICILLIN,Produk jadi,210,MARCKS,BOTOL
TA,CAB01,IN6102-BRG0003,IN6102,2022-01-31,CUST55392,BRG0003,11.3181818181818,DUS,10690.60,IDR,Company,APOTEK SINAR JAYA,CAB06,Bekasi,Z32,Apotek,BRG0003,AMPICILLIN,Produk jadi,210,MARCKS,BOTOL
TA,CAB07,IN6195-BRG0009,IN6195,2022-01-31,CUST55398,BRG0009,67.0,DUS,5780.70,IDR,Company,APOTEK MERDEKA,CAB04,Bandung,Z32,Apotek,BRG0009,AMBROXOL HC,Produk jadi,207,VNS,BOTOL
TD,CAB02,IN6175-BRG0005,IN6175,2022-01-31,CUST55404,BRG0005,18.3671328671329,DUS,5648.30,IDR,Company,KLINIK GM,CAB03,Jakarta,Z31,Klinik,BRG0005,KLORPROMAZINA TABLET SALUT SELAPUT 100 MG,Produk jadi,203,SLCYL,TABLET
EPM,CAB04,IN6321-BRG0001,IN6321,2022-01-31,CUST55410,BRG0001,21.8916083916084,DUS,1169.91,IDR,Company,APOTEK TAPAK,CAB01,Aceh,Z32,Apotek,BRG0001,ACYCLOVIR DUS,Produk jadi,206,OGB & PH,DUS
EPM,CAB10,IN6226-BRG0007,IN6226,2022-01-31,CUST55416,BRG0007,23.0,DUS,4592.10,IDR,Company,APOTEK SAHABAT,CAB07,Padang,Z32,Apotek,BRG0007,ERGOTAMINE COFFEINE,Produk jadi,206,ETIKAL,BOTOL
TA,CAB01,IN6191-BRG0003,IN6191,2022-01-31,CUST55422,BRG0003,4.0,DUS,10690.60,IDR,Company,APOTEK SINAR JAYA,CAB06,Bekasi,Z32,Apotek,BRG0003,AMPICILLIN,Produk jadi,210,MARCKS,BOTOL
TD,CAB07,IN6042-BRG0009,IN6042,2022-01-31,CUST55428,BRG0009,67.0,DUS,5780.70,IDR,Company,APOTEK MERDEKA,CAB04,Bandung,Z32,Apotek,BRG0009,AMBROXOL HC,Produk jadi,207,VNS,BOTOL
TD,CAB02,IN6050-BRG0005,IN6050,2022-01-31,CUST55434,BRG0005,34.0,DUS,5648.30,IDR,Company,KLINIK GM,CAB03,Jakarta,Z31,Klinik,BRG0005,KLORPROMAZINA TABLET SALUT SELAPUT 100 MG,Produk jadi,203,SLCYL,TABLET
EPM,CAB04,IN6241-BRG0001,IN6241,2022-01-31,CUST55440,BRG0001,79.0,DUS,1169.91,IDR,Company,APOTEK TAPAK,CAB01,Aceh,Z32,Apotek,BRG0001,ACYCLOVIR DUS,Produk jadi,206,OGB & PH,DUS
TA,CAB10,IN6255-BRG0007,IN6255,2022-01-31,CUST55446,BRG0007,21.8916083916084,DUS,4592.10,IDR,Company,APOTEK SAHABAT,CAB07,Padang,Z32,Apotek,BRG0007,ERGOTAMINE COFFEINE,Produk jadi,206,ETIKAL,BOTOL
TA,CAB01,IN6263-BRG0003,IN6263,2022-01-31,CUST55452,BRG0003,130.0,DUS,10690.60,IDR,Company,APOTEK SINAR JAYA,CAB06,Bekasi,Z32,Apotek,BRG0003,AMPICILLIN,Produk jadi,210,MARCKS,BOTOL
TD,CAB07,IN6326-BRG0009,IN6326,2022-01-31,CUST55458,BRG0009,4.0,DUS,5780.70,IDR,Company,APOTEK MERDEKA,CAB04,Bandung,Z32,Apotek,BRG0009,AMBROXOL HC,Produk jadi,207,VNS,BOTOL
EPM,CAB02,IN6048-BRG0005,IN6048,2022-01-31,CUST55464,BRG0005,25.0,DUS,5648.30,IDR,Company,KLINIK GM,CAB03,Jakarta,Z31,Klinik,BRG0005,KLORPROMAZINA TABLET SALUT SELAPUT 100 MG,Produk jadi,203,SLCYL,TABLET
EPM,CAB04,IN6040-BRG0001,IN6040,2022-01-31,CUST55470,BRG0001,10.0,DUS,1169.91,IDR,Company,APOTEK TAPAK,CAB01,Aceh,Z32,Apotek,BRG0001,ACYCLOVIR DUS,Produk jadi,206,OGB & PH,DUS
TA,CAB10,IN6148-BRG0007,IN6148,2022-01-31,CUST55476,BRG0007,9.0,DUS,4592.10,IDR,Company,APOTEK SAHABAT,CAB07,Padang,Z32,Apotek,BRG0007,ERGOTAMINE COFFEINE,Produk jadi,206,ETIKAL,BOTOL
TD,CAB01,IN6015-BRG0003,IN6015,2022-01-31,CUST55482,BRG0003,5.0,DUS,10690.60,IDR,Company,APOTEK SINAR JAYA,CAB06,Bekasi,Z32,Apotek,BRG0003,AMPICILLIN,Produk jadi,210,MARCKS,BOTOL
TD,CAB07,IN6322-BRG0009,IN6322,2022-01-31,CUST55488,BRG0009,17.0,DUS,5780.70,IDR,Company,APOTEK MERDEKA,CAB04,Bandung,Z32,Apotek,BRG0009,AMBROXOL HC,Produk jadi,207,VNS,BOTOL
EPM,CAB02,IN6079-BRG0005,IN6079,2022-01-31,CUST55494,BRG0005,34.0,DUS,5648.30,IDR,Company,KLINIK GM,CAB03,Jakarta,Z31,Klinik,BRG0005,KLORPROMAZINA TABLET SALUT SELAPUT 100 MG,Produk jadi,203,SLCYL,TABLET
TA,CAB04,IN6186-BRG0001,IN6186,2022-01-31,CUST55500,BRG0001,17.7797202797203,DUS,1169.91,IDR,Company,APOTEK TAPAK,CAB01,Aceh,Z32,Apotek,BRG0001,ACYCLOVIR DUS,Produk jadi,206,OGB & PH,DUS
TA,CAB10,IN6045-BRG0007,IN6045,2022-01-31,CUST55506,BRG0007,21.3041958041958,DUS,4592.10,IDR,Company,APOTEK SAHABAT,CAB07,Padang,Z32,Apotek,BRG0007,ERGOTAMINE COFFEINE,Produk jadi,206,ETIKAL,BOTOL
EPM,CAB07,IN6130-BRG0009,IN6130,2022-01-31,CUST55518,BRG0009,5.0,DUS,5780.70,IDR,Company,APOTEK MERDEKA,CAB04,Bandung,Z32,Apotek,BRG0009,AMBROXOL HC,Produk jadi,207,VNS,BOTOL
EPM,CAB02,IN6203-BRG0005,IN6203,2022-01-31,CUST55524,BRG0005,100.0,DUS,5648.30,IDR,Company,KLINIK GM,CAB03,Jakarta,Z31,Klinik,BRG0005,KLORPROMAZINA TABLET SALUT SELAPUT 100 MG,Produk jadi,203,SLCYL,TABLET
TA,CAB04,IN6196-BRG0001,IN6196,2022-01-31,CUST55530,BRG0001,45.0,DUS,1169.91,IDR,Company,APOTEK TAPAK,CAB01,Aceh,Z32,Apotek,BRG0001,ACYCLOVIR DUS,Produk jadi,206,OGB & PH,DUS
TD,CAB10,IN6068-BRG0007,IN6068,2022-01-31,CUST55536,BRG0007,6.0,DUS,4592.10,IDR,Company,APOTEK SAHABAT,CAB07,Padang,Z32,Apotek,BRG0007,ERGOTAMINE COFFEINE,Produk jadi,206,ETIKAL,BOTOL
TD,CAB01,IN6244-BRG0003,IN6244,2022-01-31,CUST55542,BRG0003,21.3041958041958,DUS,10690.60,IDR,Company,APOTEK SINAR JAYA,CAB06,Bekasi,Z32,Apotek,BRG0003,AMPICILLIN,Produk jadi,210,MARCKS,BOTOL
TA,CAB02,IN6017-BRG0004,IN6017,2022-02-01,CUST55513,BRG0004,23.0,DUS,8700.70,IDR,Company,APOTEK SAHABAT,CAB07,Padang,Z32,Apotek,BRG0004,TRAMADOL KAPSUL 50 MG,Produk jadi,201,VNS,KAPSUL
TD,CAB08,IN6293-BRG0010,IN6293,2022-02-01,CUST55519,BRG0010,4.0,DUS,6940.30,IDR,Company,KLINIK SAHABAT,CAB05,Tangerang,Z31,Klinik,BRG0010,PARACETAMOL,Produk jadi,208,SLCYL,BOTOL
TA,CAB02,IN6185-BRG0004,IN6185,2022-02-01,CUST55483,BRG0004,9.0,DUS,8700.70,IDR,Company,APOTEK SAHABAT,CAB07,Padang,Z32,Apotek,BRG0004,TRAMADOL KAPSUL 50 MG,Produk jadi,201,VNS,KAPSUL
EPM,CAB01,IN6072-BRG0008,IN6072,2022-02-01,CUST55477,BRG0008,1.0,DUS,3991.90,IDR,Company,APOTEK TAPAK,CAB01,Aceh,Z32,Apotek,BRG0008,TETRACYCLINE KAPSUL 250 MG,Produk jadi,204,MARCKS,KAPSUL
TD,CAB05,IN6084-BRG0002,IN6084,2022-02-01,CUST55471,BRG0002,67.0,DUS,2337.50,IDR,Company,APOTEK MAJA,CAB02,Kuningan,Z32,Apotek,BRG0002,ALERGINE TABLET SALUT,Produk jadi,203,ETIKAL,DUS
TD,CAB03,IN6120-BRG0006,IN6120,2022-02-01,CUST55465,BRG0006,13.6678321678322,DUS,2819.20,IDR,Company,APOTEK MERDEKA,CAB04,Bandung,Z32,Apotek,BRG0006,KETOCONAZOLE TABLET 200 MG,Produk jadi,205,OGB & PH,TABLET
TD,CAB08,IN6291-BRG0010,IN6291,2022-02-01,CUST55489,BRG0010,11.3181818181818,DUS,6940.30,IDR,Company,KLINIK SAHABAT,CAB05,Tangerang,Z31,Klinik,BRG0010,PARACETAMOL,Produk jadi,208,SLCYL,BOTOL
TD,CAB03,IN6243-BRG0006,IN6243,2022-02-01,CUST55525,BRG0006,67.0,DUS,2819.20,IDR,Company,APOTEK MERDEKA,CAB04,Bandung,Z32,Apotek,BRG0006,KETOCONAZOLE TABLET 200 MG,Produk jadi,205,OGB & PH,TABLET
TA,CAB08,IN6267-BRG0010,IN6267,2022-02-01,CUST55459,BRG0010,8.0,DUS,6940.30,IDR,Company,KLINIK SAHABAT,CAB05,Tangerang,Z31,Klinik,BRG0010,PARACETAMOL,Produk jadi,208,SLCYL,BOTOL
EPM,CAB02,IN6269-BRG0004,IN6269,2022-02-01,CUST55453,BRG0004,12.0,DUS,8700.70,IDR,Company,APOTEK SAHABAT,CAB07,Padang,Z32,Apotek,BRG0004,TRAMADOL KAPSUL 50 MG,Produk jadi,201,VNS,KAPSUL
EPM,CAB01,IN6005-BRG0008,IN6005,2022-02-01,CUST55447,BRG0008,12.493006993007,DUS,3991.90,IDR,Company,APOTEK TAPAK,CAB01,Aceh,Z32,Apotek,BRG0008,TETRACYCLINE KAPSUL 250 MG,Produk jadi,204,MARCKS,KAPSUL
TD,CAB05,IN6134-BRG0002,IN6134,2022-02-01,CUST55441,BRG0002,12.0,DUS,2337.50,IDR,Company,APOTEK MAJA,CAB02,Kuningan,Z32,Apotek,BRG0002,ALERGINE TABLET SALUT,Produk jadi,203,ETIKAL,DUS
TD,CAB03,IN6320-BRG0006,IN6320,2022-02-01,CUST55495,BRG0006,67.0,DUS,2819.20,IDR,Company,APOTEK MERDEKA,CAB04,Bandung,Z32,Apotek,BRG0006,KETOCONAZOLE TABLET 200 MG,Produk jadi,205,OGB & PH,TABLET
EPM,CAB05,IN6266-BRG0002,IN6266,2022-02-01,CUST55531,BRG0002,34.0,DUS,2337.50,IDR,Company,APOTEK MAJA,CAB02,Kuningan,Z32,Apotek,BRG0002,ALERGINE TABLET SALUT,Produk jadi,203,ETIKAL,DUS
TD,CAB03,IN6054-BRG0006,IN6054,2022-02-01,CUST55435,BRG0006,34.0,DUS,2819.20,IDR,Company,APOTEK MERDEKA,CAB04,Bandung,Z32,Apotek,BRG0006,KETOCONAZOLE TABLET 200 MG,Produk jadi,205,OGB & PH,TABLET
TA,CAB08,IN6133-BRG0010,IN6133,2022-02-01,CUST55429,BRG0010,78.0,DUS,6940.30,IDR,Company,KLINIK SAHABAT,CAB05,Tangerang,Z31,Klinik,BRG0010,PARACETAMOL,Produk jadi,208,SLCYL,BOTOL
EPM,CAB02,IN6274-BRG0004,IN6274,2022-02-01,CUST55423,BRG0004,8.0,DUS,8700.70,IDR,Company,APOTEK SAHABAT,CAB07,Padang,Z32,Apotek,BRG0004,TRAMADOL KAPSUL 50 MG,Produk jadi,201,VNS,KAPSUL
TD,CAB01,IN6063-BRG0008,IN6063,2022-02-01,CUST55417,BRG0008,12.0,DUS,3991.90,IDR,Company,APOTEK TAPAK,CAB01,Aceh,Z32,Apotek,BRG0008,TETRACYCLINE KAPSUL 250 MG,Produk jadi,204,MARCKS,KAPSUL
EPM,CAB05,IN6211-BRG0002,IN6211,2022-02-01,CUST55501,BRG0002,18.3671328671329,DUS,2337.50,IDR,Company,APOTEK MAJA,CAB02,Kuningan,Z32,Apotek,BRG0002,ALERGINE TABLET SALUT,Produk jadi,203,ETIKAL,DUS
TA,CAB01,IN6128-BRG0008,IN6128,2022-02-01,CUST55537,BRG0008,79.0,DUS,3991.90,IDR,Company,APOTEK TAPAK,CAB01,Aceh,Z32,Apotek,BRG0008,TETRACYCLINE KAPSUL 250 MG,Produk jadi,204,MARCKS,KAPSUL
TD,CAB05,IN5994-BRG0002,IN5994,2022-02-01,CUST55411,BRG0002,12.493006993007,DUS,2337.50,IDR,Company,APOTEK MAJA,CAB02,Kuningan,Z32,Apotek,BRG0002,ALERGINE TABLET SALUT,Produk jadi,203,ETIKAL,DUS
TA,CAB03,IN6259-BRG0006,IN6259,2022-02-01,CUST55405,BRG0006,18.9545454545454,DUS,2819.20,IDR,Company,APOTEK MERDEKA,CAB04,Bandung,Z32,Apotek,BRG0006,KETOCONAZOLE TABLET 200 MG,Produk jadi,205,OGB & PH,TABLET
EPM,CAB08,IN6023-BRG0010,IN6023,2022-02-01,CUST55399,BRG0010,15.4300699300699,DUS,6940.30,IDR,Company,KLINIK SAHABAT,CAB05,Tangerang,Z31,Klinik,BRG0010,PARACETAMOL,Produk jadi,208,SLCYL,BOTOL
EPM,CAB02,IN6301-BRG0004,IN6301,2022-02-01,CUST55393,BRG0004,11.9055944055944,DUS,8700.70,IDR,Company,APOTEK SAHABAT,CAB07,Padang,Z32,Apotek,BRG0004,TRAMADOL KAPSUL 50 MG,Produk jadi,201,VNS,KAPSUL
EPM,CAB01,IN6300-BRG0008,IN6300,2022-02-01,CUST55507,BRG0008,21.8916083916084,DUS,3991.90,IDR,Company,APOTEK TAPAK,CAB01,Aceh,Z32,Apotek,BRG0008,TETRACYCLINE KAPSUL 250 MG,Produk jadi,204,MARCKS,KAPSUL
TD,CAB02,IN6060-BRG0004,IN6060,2022-02-01,CUST55543,BRG0004,21.8916083916084,DUS,8700.70,IDR,Company,APOTEK SAHABAT,CAB07,Padang,Z32,Apotek,BRG0004,TRAMADOL KAPSUL 50 MG,Produk jadi,201,VNS,KAPSUL
TA,CAB03,IN6254-BRG0005,IN6254,2022-02-02,CUST55544,BRG0005,12.493006993007,DUS,5648.30,IDR,Company,KLINIK DR. ANDRI,CAB08,Lampung,Z31,Klinik,BRG0005,KLORPROMAZINA TABLET SALUT SELAPUT 100 MG,Produk jadi,203,SLCYL,TABLET
EPM,CAB04,IN6171-BRG0006,IN6171,2022-02-03,CUST55545,BRG0006,25.0,DUS,2819.20,IDR,Company,APOTEK TAPAK,CAB01,Aceh,Z32,Apotek,BRG0006,KETOCONAZOLE TABLET 200 MG,Produk jadi,205,OGB & PH,TABLET
TD,CAB05,IN6002-BRG0007,IN6002,2022-02-04,CUST55546,BRG0007,13.6678321678322,DUS,4592.10,IDR,Company,APOTEK MAJA,CAB02,Kuningan,Z32,Apotek,BRG0007,ERGOTAMINE COFFEINE,Produk jadi,206,ETIKAL,BOTOL
TA,CAB06,IN6261-BRG0008,IN6261,2022-02-05,CUST55547,BRG0008,24.2412587412587,DUS,3991.90,IDR,Company,KLINIK GM,CAB03,Jakarta,Z31,Klinik,BRG0008,TETRACYCLINE KAPSUL 250 MG,Produk jadi,204,MARCKS,KAPSUL
EPM,CAB07,IN6088-BRG0009,IN6088,2022-02-06,CUST55548,BRG0009,10.0,DUS,5780.70,IDR,Company,APOTEK MERDEKA,CAB04,Bandung,Z32,Apotek,BRG0009,AMBROXOL HC,Produk jadi,207,VNS,BOTOL
TD,CAB08,IN6181-BRG0010,IN6181,2022-02-07,CUST55549,BRG0010,130.0,DUS,6940.30,IDR,Company,KLINIK SAHABAT,CAB05,Tangerang,Z31,Klinik,BRG0010,PARACETAMOL,Produk jadi,208,SLCYL,BOTOL
TA,CAB09,IN6135-BRG0001,IN6135,2022-02-08,CUST55550,BRG0001,12.0,DUS,1169.91,IDR,Company,APOTEK SINAR JAYA,CAB06,Bekasi,Z32,Apotek,BRG0001,ACYCLOVIR DUS,Produk jadi,206,OGB & PH,DUS
EPM,CAB10,IN5988-BRG0002,IN5988,2022-02-09,CUST55551,BRG0002,10.0,DUS,2337.50,IDR,Company,APOTEK SAHABAT,CAB07,Padang,Z32,Apotek,BRG0002,ALERGINE TABLET SALUT,Produk jadi,203,ETIKAL,DUS
TD,CAB01,IN6234-BRG0003,IN6234,2022-02-10,CUST55552,BRG0003,67.0,DUS,10690.60,IDR,Company,APOTEK TAPAK,CAB01,Aceh,Z32,Apotek,BRG0003,AMPICILLIN,Produk jadi,210,MARCKS,BOTOL
TD,CAB01,IN6319-BRG0004,IN6319,2022-02-11,CUST55553,BRG0004,98.0,DUS,8700.70,IDR,Company,APOTEK MAJA,CAB02,Kuningan,Z32,Apotek,BRG0004,TRAMADOL KAPSUL 50 MG,Produk jadi,201,VNS,KAPSUL
TA,CAB02,IN6006-BRG0005,IN6006,2022-02-12,CUST55554,BRG0005,5.0,DUS,5648.30,IDR,Company,KLINIK GM,CAB03,Jakarta,Z31,Klinik,BRG0005,KLORPROMAZINA TABLET SALUT SELAPUT 100 MG,Produk jadi,203,SLCYL,TABLET
EPM,CAB03,IN6147-BRG0006,IN6147,2022-02-13,CUST55555,BRG0006,4.0,DUS,2819.20,IDR,Company,APOTEK MERDEKA,CAB04,Bandung,Z32,Apotek,BRG0006,KETOCONAZOLE TABLET 200 MG,Produk jadi,205,OGB & PH,TABLET
TD,CAB01,IN6129-BRG0001,IN6129,2022-02-14,CUST55556,BRG0001,8.0,DUS,4592.10,IDR,Company,KLINIK SAHABAT,CAB05,Tangerang,Z31,Klinik,BRG0001,ACYCLOVIR DUS,Produk jadi,206,OGB & PH,DUS
TA,CAB01,IN5986-BRG0002,IN5986,2022-02-15,CUST55557,BRG0002,9.0,DUS,3991.90,IDR,Company,APOTEK SINAR JAYA,CAB06,Bekasi,Z32,Apotek,BRG0002,ALERGINE TABLET SALUT,Produk jadi,203,ETIKAL,DUS
EPM,CAB02,IN6026-BRG0003,IN6026,2022-02-16,CUST55558,BRG0003,21.3041958041958,DUS,5780.70,IDR,Company,APOTEK SAHABAT,CAB07,Padang,Z32,Apotek,BRG0003,AMPICILLIN,Produk jadi,210,MARCKS,BOTOL
TD,CAB03,IN6224-BRG0004,IN6224,2022-02-17,CUST55559,BRG0004,21.8916083916084,DUS,6940.30,IDR,Company,KLINIK DR. ANDRI,CAB08,Lampung,Z31,Klinik,BRG0004,TRAMADOL KAPSUL 50 MG,Produk jadi,201,VNS,KAPSUL
TA,CAB04,IN6087-BRG0001,IN6087,2022-02-18,CUST55560,BRG0001,12.493006993007,DUS,1169.91,IDR,Company,APOTEK TAPAK,CAB01,Aceh,Z32,Apotek,BRG0001,ACYCLOVIR DUS,Produk jadi,206,OGB & PH,DUS
EPM,CAB05,IN6096-BRG0002,IN6096,2022-02-19,CUST55561,BRG0002,25.0,DUS,2337.50,IDR,Company,APOTEK MAJA,CAB02,Kuningan,Z32,Apotek,BRG0002,ALERGINE TABLET SALUT,Produk jadi,203,ETIKAL,DUS
TD,CAB06,IN6034-BRG0003,IN6034,2022-02-20,CUST55562,BRG0003,13.6678321678322,DUS,10690.60,IDR,Company,KLINIK GM,CAB03,Jakarta,Z31,Klinik,BRG0003,AMPICILLIN,Produk jadi,210,MARCKS,BOTOL
TD,CAB07,IN6231-BRG0004,IN6231,2022-02-21,CUST55563,BRG0004,24.2412587412587,DUS,8700.70,IDR,Company,APOTEK MERDEKA,CAB04,Bandung,Z32,Apotek,BRG0004,TRAMADOL KAPSUL 50 MG,Produk jadi,201,VNS,KAPSUL
TA,CAB08,IN6260-BRG0005,IN6260,2022-02-22,CUST55564,BRG0005,10.0,DUS,5648.30,IDR,Company,KLINIK SAHABAT,CAB05,Tangerang,Z31,Klinik,BRG0005,KLORPROMAZINA TABLET SALUT SELAPUT 100 MG,Produk jadi,203,SLCYL,TABLET
EPM,CAB09,IN6302-BRG0006,IN6302,2022-02-23,CUST55565,BRG0006,120.0,DUS,2819.20,IDR,Company,APOTEK SINAR JAYA,CAB06,Bekasi,Z32,Apotek,BRG0006,KETOCONAZOLE TABLET 200 MG,Produk jadi,205,OGB & PH,TABLET
TD,CAB10,IN6061-BRG0007,IN6061,2022-02-24,CUST55566,BRG0007,12.0,DUS,4592.10,IDR,Company,APOTEK SAHABAT,CAB07,Padang,Z32,Apotek,BRG0007,ERGOTAMINE COFFEINE,Produk jadi,206,ETIKAL,BOTOL
TA,CAB01,IN6011-BRG0008,IN6011,2022-02-25,CUST55567,BRG0008,10.0,DUS,3991.90,IDR,Company,APOTEK TAPAK,CAB01,Aceh,Z32,Apotek,BRG0008,TETRACYCLINE KAPSUL 250 MG,Produk jadi,204,MARCKS,KAPSUL
EPM,CAB01,IN6275-BRG0009,IN6275,2022-02-26,CUST55568,BRG0009,67.0,DUS,5780.70,IDR,Company,APOTEK MAJA,CAB02,Kuningan,Z32,Apotek,BRG0009,AMBROXOL HC,Produk jadi,207,VNS,BOTOL
TD,CAB02,IN6114-BRG0010,IN6114,2022-02-27,CUST55569,BRG0010,98.0,DUS,6940.30,IDR,Company,KLINIK GM,CAB03,Jakarta,Z31,Klinik,BRG0010,PARACETAMOL,Produk jadi,208,SLCYL,BOTOL
TD,CAB03,IN6041-BRG0001,IN6041,2022-02-28,CUST55570,BRG0001,5.0,DUS,1169.91,IDR,Company,APOTEK MERDEKA,CAB04,Bandung,Z32,Apotek,BRG0001,ACYCLOVIR DUS,Produk jadi,206,OGB & PH,DUS
TA,CAB01,IN6069-BRG0002,IN6069,2022-03-01,CUST55571,BRG0002,4.0,DUS,2337.50,IDR,Company,KLINIK SAHABAT,CAB05,Tangerang,Z31,Klinik,BRG0002,ALERGINE TABLET SALUT,Produk jadi,203,ETIKAL,DUS
EPM,CAB01,IN6239-BRG0003,IN6239,2022-03-02,CUST55572,BRG0003,8.0,DUS,10690.60,IDR,Company,APOTEK SINAR JAYA,CAB06,Bekasi,Z32,Apotek,BRG0003,AMPICILLIN,Produk jadi,210,MARCKS,BOTOL
TD,CAB02,IN6137-BRG0004,IN6137,2022-03-03,CUST55573,BRG0004,9.0,DUS,8700.70,IDR,Company,APOTEK SAHABAT,CAB07,Padang,Z32,Apotek,BRG0004,TRAMADOL KAPSUL 50 MG,Produk jadi,201,VNS,KAPSUL
TA,CAB03,IN6189-BRG0005,IN6189,2022-03-04,CUST55574,BRG0005,1.0,DUS,5648.30,IDR,Company,KLINIK DR. ANDRI,CAB08,Lampung,Z31,Klinik,BRG0005,KLORPROMAZINA TABLET SALUT SELAPUT 100 MG,Produk jadi,203,SLCYL,TABLET
EPM,CAB04,IN6229-BRG0006,IN6229,2022-03-05,CUST55575,BRG0006,5.0,DUS,2819.20,IDR,Company,APOTEK TAPAK,CAB01,Aceh,Z32,Apotek,BRG0006,KETOCONAZOLE TABLET 200 MG,Produk jadi,205,OGB & PH,TABLET
TD,CAB05,IN6110-BRG0007,IN6110,2022-03-06,CUST55576,BRG0007,9.0,DUS,4592.10,IDR,Company,APOTEK MAJA,CAB02,Kuningan,Z32,Apotek,BRG0007,ERGOTAMINE COFFEINE,Produk jadi,206,ETIKAL,BOTOL
TA,CAB06,IN6182-BRG0008,IN6182,2022-03-07,CUST55577,BRG0008,13.0,DUS,3991.90,IDR,Company,KLINIK GM,CAB03,Jakarta,Z31,Klinik,BRG0008,TETRACYCLINE KAPSUL 250 MG,Produk jadi,204,MARCKS,KAPSUL
EPM,CAB07,IN6164-BRG0009,IN6164,2022-03-08,CUST55578,BRG0009,1.0,DUS,5780.70,IDR,Company,APOTEK MERDEKA,CAB04,Bandung,Z32,Apotek,BRG0009,AMBROXOL HC,Produk jadi,207,VNS,BOTOL
TD,CAB08,IN6016-BRG0010,IN6016,2022-03-09,CUST55579,BRG0010,5.0,DUS,6940.30,IDR,Company,KLINIK SAHABAT,CAB05,Tangerang,Z31,Klinik,BRG0010,PARACETAMOL,Produk jadi,208,SLCYL,BOTOL
TD,CAB09,IN6043-BRG0001,IN6043,2022-03-10,CUST55580,BRG0001,9.0,DUS,1169.91,IDR,Company,APOTEK SINAR JAYA,CAB06,Bekasi,Z32,Apotek,BRG0001,ACYCLOVIR DUS,Produk jadi,206,OGB & PH,DUS
TA,CAB10,IN6020-BRG0002,IN6020,2022-03-11,CUST55581,BRG0002,1.0,DUS,2337.50,IDR,Company,APOTEK SAHABAT,CAB07,Padang,Z32,Apotek,BRG0002,ALERGINE TABLET SALUT,Produk jadi,203,ETIKAL,DUS
EPM,CAB01,IN6206-BRG0003,IN6206,2022-03-12,CUST55582,BRG0003,23.0,DUS,10690.60,IDR,Company,APOTEK TAPAK,CAB01,Aceh,Z32,Apotek,BRG0003,AMPICILLIN,Produk jadi,210,MARCKS,BOTOL
TD,CAB01,IN6055-BRG0004,IN6055,2022-03-13,CUST55583,BRG0004,4.0,DUS,8700.70,IDR,Company,APOTEK MAJA,CAB02,Kuningan,Z32,Apotek,BRG0004,TRAMADOL KAPSUL 50 MG,Produk jadi,201,VNS,KAPSUL
TA,CAB02,IN6092-BRG0005,IN6092,2022-03-14,CUST55584,BRG0005,2.0,DUS,5648.30,IDR,Company,KLINIK GM,CAB03,Jakarta,Z31,Klinik,BRG0005,KLORPROMAZINA TABLET SALUT SELAPUT 100 MG,Produk jadi,203,SLCYL,TABLET
EPM,CAB03,IN6177-BRG0006,IN6177,2022-03-15,CUST55585,BRG0006,17.0,DUS,2819.20,IDR,Company,APOTEK MERDEKA,CAB04,Bandung,Z32,Apotek,BRG0006,KETOCONAZOLE TABLET 200 MG,Produk jadi,205,OGB & PH,TABLET
TD,CAB01,IN6209-BRG0001,IN6209,2022-03-16,CUST55586,BRG0001,11.3181818181818,DUS,4592.10,IDR,Company,KLINIK SAHABAT,CAB05,Tangerang,Z31,Klinik,BRG0001,ACYCLOVIR DUS,Produk jadi,206,OGB & PH,DUS
TA,CAB01,IN6250-BRG0002,IN6250,2022-03-17,CUST55587,BRG0002,11.9055944055944,DUS,3991.90,IDR,Company,APOTEK SINAR JAYA,CAB06,Bekasi,Z32,Apotek,BRG0002,ALERGINE TABLET SALUT,Produk jadi,203,ETIKAL,DUS
EPM,CAB02,IN6193-BRG0003,IN6193,2022-03-18,CUST55588,BRG0003,12.493006993007,DUS,5780.70,IDR,Company,APOTEK SAHABAT,CAB07,Padang,Z32,Apotek,BRG0003,AMPICILLIN,Produk jadi,210,MARCKS,BOTOL
TD,CAB03,IN6081-BRG0004,IN6081,2022-03-19,CUST55589,BRG0004,25.0,DUS,6940.30,IDR,Company,KLINIK DR. ANDRI,CAB08,Lampung,Z31,Klinik,BRG0004,TRAMADOL KAPSUL 50 MG,Produk jadi,201,VNS,KAPSUL
TD,CAB04,IN6149-BRG0001,IN6149,2022-03-20,CUST55590,BRG0001,13.6678321678322,DUS,1169.91,IDR,Company,APOTEK TAPAK,CAB01,Aceh,Z32,Apotek,BRG0001,ACYCLOVIR DUS,Produk jadi,206,OGB & PH,DUS
TA,CAB05,IN6014-BRG0002,IN6014,2022-03-21,CUST55591,BRG0002,34.0,DUS,2337.50,IDR,Company,APOTEK MAJA,CAB02,Kuningan,Z32,Apotek,BRG0002,ALERGINE TABLET SALUT,Produk jadi,203,ETIKAL,DUS
EPM,CAB06,IN6290-BRG0003,IN6290,2022-03-22,CUST55592,BRG0003,67.0,DUS,10690.60,IDR,Company,KLINIK GM,CAB03,Jakarta,Z31,Klinik,BRG0003,AMPICILLIN,Produk jadi,210,MARCKS,BOTOL
TD,CAB07,IN6051-BRG0004,IN6051,2022-03-23,CUST55593,BRG0004,15.4300699300699,DUS,8700.70,IDR,Company,APOTEK MERDEKA,CAB04,Bandung,Z32,Apotek,BRG0004,TRAMADOL KAPSUL 50 MG,Produk jadi,201,VNS,KAPSUL
TA,CAB08,IN6076-BRG0005,IN6076,2022-03-24,CUST55594,BRG0005,12.493006993007,DUS,5648.30,IDR,Company,KLINIK SAHABAT,CAB05,Tangerang,Z31,Klinik,BRG0005,KLORPROMAZINA TABLET SALUT SELAPUT 100 MG,Produk jadi,203,SLCYL,TABLET
EPM,CAB09,IN6140-BRG0006,IN6140,2022-03-25,CUST55595,BRG0006,25.0,DUS,2819.20,IDR,Company,APOTEK SINAR JAYA,CAB06,Bekasi,Z32,Apotek,BRG0006,KETOCONAZOLE TABLET 200 MG,Produk jadi,205,OGB & PH,TABLET
TD,CAB10,IN6080-BRG0007,IN6080,2022-03-26,CUST55596,BRG0007,13.6678321678322,DUS,4592.10,IDR,Company,APOTEK SAHABAT,CAB07,Padang,Z32,Apotek,BRG0007,ERGOTAMINE COFFEINE,Produk jadi,206,ETIKAL,BOTOL
TD,CAB01,IN6153-BRG0008,IN6153,2022-03-27,CUST55597,BRG0008,17.7797202797203,DUS,3991.90,IDR,Company,APOTEK TAPAK,CAB01,Aceh,Z32,Apotek,BRG0008,TETRACYCLINE KAPSUL 250 MG,Produk jadi,204,MARCKS,KAPSUL
TA,CAB01,IN5979-BRG0009,IN5979,2022-03-28,CUST55598,BRG0009,18.3671328671329,DUS,5780.70,IDR,Company,APOTEK MAJA,CAB02,Kuningan,Z32,Apotek,BRG0009,AMBROXOL HC,Produk jadi,207,VNS,BOTOL
EPM,CAB02,IN6098-BRG0010,IN6098,2022-03-29,CUST55599,BRG0010,18.9545454545454,DUS,6940.30,IDR,Company,KLINIK GM,CAB03,Jakarta,Z31,Klinik,BRG0010,PARACETAMOL,Produk jadi,208,SLCYL,BOTOL
TD,CAB03,IN6078-BRG0001,IN6078,2022-03-30,CUST55600,BRG0001,12.493006993007,DUS,1169.91,IDR,Company,APOTEK MERDEKA,CAB04,Bandung,Z32,Apotek,BRG0001,ACYCLOVIR DUS,Produk jadi,206,OGB & PH,DUS
TA,CAB01,IN6085-BRG0002,IN6085,2022-03-31,CUST55601,BRG0002,25.0,DUS,2337.50,IDR,Company,KLINIK SAHABAT,CAB05,Tangerang,Z31,Klinik,BRG0002,ALERGINE TABLET SALUT,Produk jadi,203,ETIKAL,DUS
EPM,CAB01,IN6018-BRG0003,IN6018,2022-04-01,CUST55602,BRG0003,13.6678321678322,DUS,10690.60,IDR,Company,APOTEK SINAR JAYA,CAB06,Bekasi,Z32,Apotek,BRG0003,AMPICILLIN,Produk jadi,210,MARCKS,BOTOL
TD,CAB02,IN6001-BRG0004,IN6001,2022-04-02,CUST55603,BRG0004,21.3041958041958,DUS,8700.70,IDR,Company,APOTEK SAHABAT,CAB07,Padang,Z32,Apotek,BRG0004,TRAMADOL KAPSUL 50 MG,Produk jadi,201,VNS,KAPSUL
TA,CAB03,IN6271-BRG0005,IN6271,2022-04-03,CUST55604,BRG0005,21.8916083916084,DUS,5648.30,IDR,Company,KLINIK DR. ANDRI,CAB08,Lampung,Z31,Klinik,BRG0005,KLORPROMAZINA TABLET SALUT SELAPUT 100 MG,Produk jadi,203,SLCYL,TABLET
EPM,CAB04,IN6207-BRG0006,IN6207,2022-04-04,CUST55605,BRG0006,12.493006993007,DUS,2819.20,IDR,Company,APOTEK TAPAK,CAB01,Aceh,Z32,Apotek,BRG0006,KETOCONAZOLE TABLET 200 MG,Produk jadi,205,OGB & PH,TABLET
TD,CAB05,IN6187-BRG0007,IN6187,2022-04-05,CUST55606,BRG0007,25.0,DUS,4592.10,IDR,Company,APOTEK MAJA,CAB02,Kuningan,Z32,Apotek,BRG0007,ERGOTAMINE COFFEINE,Produk jadi,206,ETIKAL,BOTOL
TD,CAB06,IN5995-BRG0008,IN5995,2022-04-06,CUST55607,BRG0008,13.6678321678322,DUS,3991.90,IDR,Company,KLINIK GM,CAB03,Jakarta,Z31,Klinik,BRG0008,TETRACYCLINE KAPSUL 250 MG,Produk jadi,204,MARCKS,KAPSUL
TA,CAB07,IN6156-BRG0009,IN6156,2022-04-07,CUST55608,BRG0009,24.2412587412587,DUS,5780.70,IDR,Company,APOTEK MERDEKA,CAB04,Bandung,Z32,Apotek,BRG0009,AMBROXOL HC,Produk jadi,207,VNS,BOTOL
EPM,CAB08,IN6232-BRG0010,IN6232,2022-04-08,CUST55609,BRG0010,10.0,DUS,6940.30,IDR,Company,KLINIK SAHABAT,CAB05,Tangerang,Z31,Klinik,BRG0010,PARACETAMOL,Produk jadi,208,SLCYL,BOTOL
TD,CAB09,IN5998-BRG0001,IN5998,2022-04-09,CUST55610,BRG0001,23.0,DUS,1169.91,IDR,Company,APOTEK SINAR JAYA,CAB06,Bekasi,Z32,Apotek,BRG0001,ACYCLOVIR DUS,Produk jadi,206,OGB & PH,DUS
TA,CAB10,IN6227-BRG0002,IN6227,2022-04-10,CUST55611,BRG0002,12.0,DUS,2337.50,IDR,Company,APOTEK SAHABAT,CAB07,Padang,Z32,Apotek,BRG0002,ALERGINE TABLET SALUT,Produk jadi,203,ETIKAL,DUS
EPM,CAB01,IN6027-BRG0003,IN6027,2022-04-11,CUST55612,BRG0003,10.0,DUS,10690.60,IDR,Company,APOTEK TAPAK,CAB01,Aceh,Z32,Apotek,BRG0003,AMPICILLIN,Produk jadi,210,MARCKS,BOTOL
TD,CAB01,IN6157-BRG0004,IN6157,2022-04-12,CUST55613,BRG0004,67.0,DUS,8700.70,IDR,Company,APOTEK MAJA,CAB02,Kuningan,Z32,Apotek,BRG0004,TRAMADOL KAPSUL 50 MG,Produk jadi,201,VNS,KAPSUL
TA,CAB02,IN6180-BRG0005,IN6180,2022-04-13,CUST55614,BRG0005,98.0,DUS,5648.30,IDR,Company,KLINIK GM,CAB03,Jakarta,Z31,Klinik,BRG0005,KLORPROMAZINA TABLET SALUT SELAPUT 100 MG,Produk jadi,203,SLCYL,TABLET
EPM,CAB03,IN6257-BRG0006,IN6257,2022-04-14,CUST55615,BRG0006,5.0,DUS,2819.20,IDR,Company,APOTEK MERDEKA,CAB04,Bandung,Z32,Apotek,BRG0006,KETOCONAZOLE TABLET 200 MG,Produk jadi,205,OGB & PH,TABLET
TD,CAB01,IN6031-BRG0001,IN6031,2022-04-15,CUST55616,BRG0001,4.0,DUS,4592.10,IDR,Company,KLINIK SAHABAT,CAB05,Tangerang,Z31,Klinik,BRG0001,ACYCLOVIR DUS,Produk jadi,206,OGB & PH,DUS
TA,CAB07,IN6075-BRG0009,IN6075,2022-04-16,CUST55638,BRG0009,48.0,DUS,5780.70,IDR,Company,APOTEK MERDEKA,CAB04,Bandung,Z32,Apotek,BRG0009,AMBROXOL HC,Produk jadi,207,VNS,BOTOL
TD,CAB01,IN6082-BRG0002,IN6082,2022-04-16,CUST55617,BRG0002,8.0,DUS,3991.90,IDR,Company,APOTEK SINAR JAYA,CAB06,Bekasi,Z32,Apotek,BRG0002,ALERGINE TABLET SALUT,Produk jadi,203,ETIKAL,DUS
EPM,CAB08,IN6218-BRG0010,IN6218,2022-04-17,CUST55639,BRG0010,21.3041958041958,DUS,6940.30,IDR,Company,KLINIK SAHABAT,CAB05,Tangerang,Z31,Klinik,BRG0010,PARACETAMOL,Produk jadi,208,SLCYL,BOTOL
TA,CAB02,IN6174-BRG0003,IN6174,2022-04-17,CUST55618,BRG0003,9.0,DUS,5780.70,IDR,Company,APOTEK SAHABAT,CAB07,Padang,Z32,Apotek,BRG0003,AMPICILLIN,Produk jadi,210,MARCKS,BOTOL
TD,CAB01,IN6138-BRG0002,IN6138,2022-04-18,CUST55661,BRG0002,10.0,DUS,2337.50,IDR,Company,KLINIK SAHABAT,CAB05,Tangerang,Z31,Klinik,BRG0002,ALERGINE TABLET SALUT,Produk jadi,203,ETIKAL,DUS
TD,CAB09,IN5985-BRG0001,IN5985,2022-04-18,CUST55640,BRG0001,21.8916083916084,DUS,1169.91,IDR,Company,APOTEK SINAR JAYA,CAB06,Bekasi,Z32,Apotek,BRG0001,ACYCLOVIR DUS,Produk jadi,206,OGB & PH,DUS
TA,CAB01,IN6194-BRG0009,IN6194,2022-04-18,CUST55658,BRG0009,25.0,DUS,5780.70,IDR,Company,APOTEK MAJA,CAB02,Kuningan,Z32,Apotek,BRG0009,AMBROXOL HC,Produk jadi,207,VNS,BOTOL
EPM,CAB03,IN6237-BRG0004,IN6237,2022-04-18,CUST55619,BRG0004,10.0,DUS,6940.30,IDR,Company,KLINIK DR. ANDRI,CAB08,Lampung,Z31,Klinik,BRG0004,TRAMADOL KAPSUL 50 MG,Produk jadi,201,VNS,KAPSUL
EPM,CAB02,IN5987-BRG0010,IN5987,2022-04-19,CUST55659,BRG0010,13.6678321678322,DUS,6940.30,IDR,Company,KLINIK GM,CAB03,Jakarta,Z31,Klinik,BRG0010,PARACETAMOL,Produk jadi,208,SLCYL,BOTOL
TD,CAB04,IN6021-BRG0001,IN6021,2022-04-19,CUST55620,BRG0001,7.0,DUS,1169.91,IDR,Company,APOTEK TAPAK,CAB01,Aceh,Z32,Apotek,BRG0001,ACYCLOVIR DUS,Produk jadi,206,OGB & PH,DUS
TA,CAB01,IN6316-BRG0003,IN6316,2022-04-19,CUST55662,BRG0003,120.0,DUS,10690.60,IDR,Company,APOTEK SINAR JAYA,CAB06,Bekasi,Z32,Apotek,BRG0003,AMPICILLIN,Produk jadi,210,MARCKS,BOTOL
TA,CAB10,IN6154-BRG0002,IN6154,2022-04-19,CUST55641,BRG0002,12.493006993007,DUS,2337.50,IDR,Company,APOTEK SAHABAT,CAB07,Padang,Z32,Apotek,BRG0002,ALERGINE TABLET SALUT,Produk jadi,203,ETIKAL,DUS
EPM,CAB01,IN6145-BRG0003,IN6145,2022-04-20,CUST55642,BRG0003,25.0,DUS,10690.60,IDR,Company,APOTEK TAPAK,CAB01,Aceh,Z32,Apotek,BRG0003,AMPICILLIN,Produk jadi,210,MARCKS,BOTOL
EPM,CAB02,IN6019-BRG0004,IN6019,2022-04-20,CUST55663,BRG0004,12.0,DUS,8700.70,IDR,Company,APOTEK SAHABAT,CAB07,Padang,Z32,Apotek,BRG0004,TRAMADOL KAPSUL 50 MG,Produk jadi,201,VNS,KAPSUL
TD,CAB03,IN6313-BRG0001,IN6313,2022-04-20,CUST55660,BRG0001,24.2412587412587,DUS,1169.91,IDR,Company,APOTEK MERDEKA,CAB04,Bandung,Z32,Apotek,BRG0001,ACYCLOVIR DUS,Produk jadi,206,OGB & PH,DUS
TA,CAB05,IN6056-BRG0002,IN6056,2022-04-20,CUST55621,BRG0002,100.0,DUS,2337.50,IDR,Company,APOTEK MAJA,CAB02,Kuningan,Z32,Apotek,BRG0002,ALERGINE TABLET SALUT,Produk jadi,203,ETIKAL,DUS
EPM,CAB06,IN5983-BRG0003,IN5983,2022-04-21,CUST55622,BRG0003,67.0,DUS,10690.60,IDR,Company,KLINIK GM,CAB03,Jakarta,Z31,Klinik,BRG0003,AMPICILLIN,Produk jadi,210,MARCKS,BOTOL
TD,CAB01,IN6315-BRG0004,IN6315,2022-04-21,CUST55643,BRG0004,13.6678321678322,DUS,8700.70,IDR,Company,APOTEK MAJA,CAB02,Kuningan,Z32,Apotek,BRG0004,TRAMADOL KAPSUL 50 MG,Produk jadi,201,VNS,KAPSUL
TD,CAB07,IN6139-BRG0004,IN6139,2022-04-22,CUST55623,BRG0004,78.0,DUS,8700.70,IDR,Company,APOTEK MERDEKA,CAB04,Bandung,Z32,Apotek,BRG0004,TRAMADOL KAPSUL 50 MG,Produk jadi,201,VNS,KAPSUL
TD,CAB08,IN6126-BRG0005,IN6126,2022-04-23,CUST55624,BRG0005,45.0,DUS,5648.30,IDR,Company,KLINIK SAHABAT,CAB05,Tangerang,Z31,Klinik,BRG0005,KLORPROMAZINA TABLET SALUT SELAPUT 100 MG,Produk jadi,203,SLCYL,TABLET
TA,CAB09,IN6127-BRG0006,IN6127,2022-04-24,CUST55625,BRG0006,34.0,DUS,2819.20,IDR,Company,APOTEK SINAR JAYA,CAB06,Bekasi,Z32,Apotek,BRG0006,KETOCONAZOLE TABLET 200 MG,Produk jadi,205,OGB & PH,TABLET
EPM,CAB10,IN6035-BRG0007,IN6035,2022-04-25,CUST55626,BRG0007,20.0,DUS,4592.10,IDR,Company,APOTEK SAHABAT,CAB07,Padang,Z32,Apotek,BRG0007,ERGOTAMINE COFFEINE,Produk jadi,206,ETIKAL,BOTOL
TA,CAB04,IN6047-BRG0006,IN6047,2022-04-26,CUST55635,BRG0006,12.0,DUS,2819.20,IDR,Company,APOTEK TAPAK,CAB01,Aceh,Z32,Apotek,BRG0006,KETOCONAZOLE TABLET 200 MG,Produk jadi,205,OGB & PH,TABLET
TD,CAB01,IN6309-BRG0008,IN6309,2022-04-26,CUST55627,BRG0008,45.0,DUS,3991.90,IDR,Company,APOTEK TAPAK,CAB01,Aceh,Z32,Apotek,BRG0008,TETRACYCLINE KAPSUL 250 MG,Produk jadi,204,MARCKS,KAPSUL
TA,CAB01,IN6073-BRG0009,IN6073,2022-04-27,CUST55628,BRG0009,34.0,DUS,5780.70,IDR,Company,APOTEK MAJA,CAB02,Kuningan,Z32,Apotek,BRG0009,AMBROXOL HC,Produk jadi,207,VNS,BOTOL
EPM,CAB05,IN6071-BRG0007,IN6071,2022-04-27,CUST55636,BRG0007,95.0,DUS,4592.10,IDR,Company,APOTEK MAJA,CAB02,Kuningan,Z32,Apotek,BRG0007,ERGOTAMINE COFFEINE,Produk jadi,206,ETIKAL,BOTOL
EPM,CAB02,IN6277-BRG0010,IN6277,2022-04-28,CUST55629,BRG0010,34.0,DUS,6940.30,IDR,Company,KLINIK GM,CAB03,Jakarta,Z31,Klinik,BRG0010,PARACETAMOL,Produk jadi,208,SLCYL,BOTOL
TD,CAB06,IN6009-BRG0008,IN6009,2022-04-28,CUST55637,BRG0008,76.0,DUS,3991.90,IDR,Company,KLINIK GM,CAB03,Jakarta,Z31,Klinik,BRG0008,TETRACYCLINE KAPSUL 250 MG,Produk jadi,204,MARCKS,KAPSUL
TD,CAB03,IN6197-BRG0001,IN6197,2022-04-29,CUST55630,BRG0001,34.0,DUS,1169.91,IDR,Company,APOTEK MERDEKA,CAB04,Bandung,Z32,Apotek,BRG0001,ACYCLOVIR DUS,Produk jadi,206,OGB & PH,DUS
EPM,CAB02,IN6310-BRG0004,IN6310,2022-04-30,CUST55693,BRG0004,13.6678321678322,DUS,8700.70,IDR,Company,APOTEK SAHABAT,CAB07,Padang,Z32,Apotek,BRG0004,TRAMADOL KAPSUL 50 MG,Produk jadi,201,VNS,KAPSUL
TA,CAB01,IN6225-BRG0002,IN6225,2022-04-30,CUST55631,BRG0002,44.0,DUS,2337.50,IDR,Company,KLINIK SAHABAT,CAB05,Tangerang,Z31,Klinik,BRG0002,ALERGINE TABLET SALUT,Produk jadi,203,ETIKAL,DUS
TD,CAB07,IN6304-BRG0009,IN6304,2022-04-30,CUST55728,BRG0009,44.0,DUS,5780.70,IDR,Company,APOTEK MERDEKA,CAB04,Bandung,Z32,Apotek,BRG0009,AMBROXOL HC,Produk jadi,207,VNS,BOTOL
EPM,CAB02,IN6101-BRG0004,IN6101,2022-04-30,CUST55723,BRG0004,20.0,DUS,8700.70,IDR,Company,APOTEK SAHABAT,CAB07,Padang,Z32,Apotek,BRG0004,TRAMADOL KAPSUL 50 MG,Produk jadi,201,VNS,KAPSUL
TD,CAB01,IN6097-BRG0009,IN6097,2022-04-30,CUST55718,BRG0009,100.0,DUS,5780.70,IDR,Company,APOTEK MAJA,CAB02,Kuningan,Z32,Apotek,BRG0009,AMBROXOL HC,Produk jadi,207,VNS,BOTOL
EPM,CAB07,IN6106-BRG0004,IN6106,2022-04-30,CUST55713,BRG0004,4.0,DUS,8700.70,IDR,Company,APOTEK MERDEKA,CAB04,Bandung,Z32,Apotek,BRG0004,TRAMADOL KAPSUL 50 MG,Produk jadi,201,VNS,KAPSUL
TD,CAB02,IN6132-BRG0003,IN6132,2022-04-30,CUST55708,BRG0003,12.0,DUS,5780.70,IDR,Company,APOTEK SAHABAT,CAB07,Padang,Z32,Apotek,BRG0003,AMPICILLIN,Produk jadi,210,MARCKS,BOTOL
EPM,CAB01,IN6249-BRG0004,IN6249,2022-04-30,CUST55703,BRG0004,25.0,DUS,8700.70,IDR,Company,APOTEK MAJA,CAB02,Kuningan,Z32,Apotek,BRG0004,TRAMADOL KAPSUL 50 MG,Produk jadi,201,VNS,KAPSUL
TD,CAB07,IN6265-BRG0009,IN6265,2022-04-30,CUST55698,BRG0009,25.0,DUS,5780.70,IDR,Company,APOTEK MERDEKA,CAB04,Bandung,Z32,Apotek,BRG0009,AMBROXOL HC,Produk jadi,207,VNS,BOTOL
TA,CAB02,IN5989-BRG0010,IN5989,2022-05-01,CUST55719,BRG0010,67.0,DUS,6940.30,IDR,Company,KLINIK GM,CAB03,Jakarta,Z31,Klinik,BRG0010,PARACETAMOL,Produk jadi,208,SLCYL,BOTOL
TD,CAB08,IN5984-BRG0005,IN5984,2022-05-01,CUST55714,BRG0005,8.0,DUS,5648.30,IDR,Company,KLINIK SAHABAT,CAB05,Tangerang,Z31,Klinik,BRG0005,KLORPROMAZINA TABLET SALUT SELAPUT 100 MG,Produk jadi,203,SLCYL,TABLET
TD,CAB03,IN6044-BRG0005,IN6044,2022-05-01,CUST55694,BRG0005,17.7797202797203,DUS,5648.30,IDR,Company,KLINIK DR. ANDRI,CAB08,Lampung,Z31,Klinik,BRG0005,KLORPROMAZINA TABLET SALUT SELAPUT 100 MG,Produk jadi,203,SLCYL,TABLET
TD,CAB03,IN6142-BRG0005,IN6142,2022-05-01,CUST55724,BRG0005,45.0,DUS,5648.30,IDR,Company,KLINIK DR. ANDRI,CAB08,Lampung,Z31,Klinik,BRG0005,KLORPROMAZINA TABLET SALUT SELAPUT 100 MG,Produk jadi,203,SLCYL,TABLET
TD,CAB02,IN6067-BRG0005,IN6067,2022-05-01,CUST55704,BRG0005,13.6678321678322,DUS,5648.30,IDR,Company,KLINIK GM,CAB03,Jakarta,Z31,Klinik,BRG0005,KLORPROMAZINA TABLET SALUT SELAPUT 100 MG,Produk jadi,203,SLCYL,TABLET
TA,CAB03,IN6030-BRG0004,IN6030,2022-05-01,CUST55709,BRG0004,10.0,DUS,6940.30,IDR,Company,KLINIK DR. ANDRI,CAB08,Lampung,Z31,Klinik,BRG0004,TRAMADOL KAPSUL 50 MG,Produk jadi,201,VNS,KAPSUL
TA,CAB08,IN6004-BRG0010,IN6004,2022-05-01,CUST55729,BRG0010,5.0,DUS,6940.30,IDR,Company,KLINIK SAHABAT,CAB05,Tangerang,Z31,Klinik,BRG0010,PARACETAMOL,Produk jadi,208,SLCYL,BOTOL
EPM,CAB01,IN5999-BRG0003,IN5999,2022-05-01,CUST55632,BRG0003,5.0,DUS,10690.60,IDR,Company,APOTEK SINAR JAYA,CAB06,Bekasi,Z32,Apotek,BRG0003,AMPICILLIN,Produk jadi,210,MARCKS,BOTOL
TA,CAB08,IN6158-BRG0010,IN6158,2022-05-01,CUST55699,BRG0010,13.6678321678322,DUS,6940.30,IDR,Company,KLINIK SAHABAT,CAB05,Tangerang,Z31,Klinik,BRG0010,PARACETAMOL,Produk jadi,208,SLCYL,BOTOL
EPM,CAB03,IN6151-BRG0001,IN6151,2022-05-02,CUST55720,BRG0001,78.0,DUS,1169.91,IDR,Company,APOTEK MERDEKA,CAB04,Bandung,Z32,Apotek,BRG0001,ACYCLOVIR DUS,Produk jadi,206,OGB & PH,DUS
TD,CAB02,IN6223-BRG0004,IN6223,2022-05-02,CUST55633,BRG0004,6.0,DUS,8700.70,IDR,Company,APOTEK SAHABAT,CAB07,Padang,Z32,Apotek,BRG0004,TRAMADOL KAPSUL 50 MG,Produk jadi,201,VNS,KAPSUL
TD,CAB09,IN6007-BRG0006,IN6007,2022-05-02,CUST55715,BRG0006,9.0,DUS,2819.20,IDR,Company,APOTEK SINAR JAYA,CAB06,Bekasi,Z32,Apotek,BRG0006,KETOCONAZOLE TABLET 200 MG,Produk jadi,205,OGB & PH,TABLET
EPM,CAB04,IN6094-BRG0001,IN6094,2022-05-02,CUST55710,BRG0001,67.0,DUS,1169.91,IDR,Company,APOTEK TAPAK,CAB01,Aceh,Z32,Apotek,BRG0001,ACYCLOVIR DUS,Produk jadi,206,OGB & PH,DUS
TD,CAB03,IN6143-BRG0006,IN6143,2022-05-02,CUST55705,BRG0006,24.2412587412587,DUS,2819.20,IDR,Company,APOTEK MERDEKA,CAB04,Bandung,Z32,Apotek,BRG0006,KETOCONAZOLE TABLET 200 MG,Produk jadi,205,OGB & PH,TABLET
TA,CAB04,IN6178-BRG0006,IN6178,2022-05-02,CUST55695,BRG0006,18.3671328671329,DUS,2819.20,IDR,Company,APOTEK TAPAK,CAB01,Aceh,Z32,Apotek,BRG0006,KETOCONAZOLE TABLET 200 MG,Produk jadi,205,OGB & PH,TABLET
TD,CAB04,IN6312-BRG0006,IN6312,2022-05-02,CUST55725,BRG0006,34.0,DUS,2819.20,IDR,Company,APOTEK TAPAK,CAB01,Aceh,Z32,Apotek,BRG0006,KETOCONAZOLE TABLET 200 MG,Produk jadi,205,OGB & PH,TABLET
EPM,CAB09,IN6105-BRG0001,IN6105,2022-05-02,CUST55700,BRG0001,21.3041958041958,DUS,1169.91,IDR,Company,APOTEK SINAR JAYA,CAB06,Bekasi,Z32,Apotek,BRG0001,ACYCLOVIR DUS,Produk jadi,206,OGB & PH,DUS
TA,CAB01,IN5990-BRG0001,IN5990,2022-05-03,CUST55706,BRG0001,10.0,DUS,4592.10,IDR,Company,KLINIK SAHABAT,CAB05,Tangerang,Z31,Klinik,BRG0001,ACYCLOVIR DUS,Produk jadi,206,OGB & PH,DUS
EPM,CAB05,IN6270-BRG0007,IN6270,2022-05-03,CUST55696,BRG0007,18.9545454545454,DUS,4592.10,IDR,Company,APOTEK MAJA,CAB02,Kuningan,Z32,Apotek,BRG0007,ERGOTAMINE COFFEINE,Produk jadi,206,ETIKAL,BOTOL
TD,CAB03,IN6273-BRG0005,IN6273,2022-05-03,CUST55634,BRG0005,79.0,DUS,5648.30,IDR,Company,KLINIK DR. ANDRI,CAB08,Lampung,Z31,Klinik,BRG0005,KLORPROMAZINA TABLET SALUT SELAPUT 100 MG,Produk jadi,203,SLCYL,TABLET
TA,CAB10,IN6115-BRG0007,IN6115,2022-05-03,CUST55716,BRG0007,10.0,DUS,4592.10,IDR,Company,APOTEK SAHABAT,CAB07,Padang,Z32,Apotek,BRG0007,ERGOTAMINE COFFEINE,Produk jadi,206,ETIKAL,BOTOL
TD,CAB10,IN6213-BRG0002,IN6213,2022-05-03,CUST55701,BRG0002,21.8916083916084,DUS,2337.50,IDR,Company,APOTEK SAHABAT,CAB07,Padang,Z32,Apotek,BRG0002,ALERGINE TABLET SALUT,Produk jadi,203,ETIKAL,DUS
TA,CAB05,IN6112-BRG0007,IN6112,2022-05-03,CUST55726,BRG0007,34.0,DUS,4592.10,IDR,Company,APOTEK MAJA,CAB02,Kuningan,Z32,Apotek,BRG0007,ERGOTAMINE COFFEINE,Produk jadi,206,ETIKAL,BOTOL
TD,CAB05,IN6294-BRG0002,IN6294,2022-05-03,CUST55711,BRG0002,98.0,DUS,2337.50,IDR,Company,APOTEK MAJA,CAB02,Kuningan,Z32,Apotek,BRG0002,ALERGINE TABLET SALUT,Produk jadi,203,ETIKAL,DUS
TD,CAB01,IN6037-BRG0002,IN6037,2022-05-03,CUST55721,BRG0002,45.0,DUS,2337.50,IDR,Company,KLINIK SAHABAT,CAB05,Tangerang,Z31,Klinik,BRG0002,ALERGINE TABLET SALUT,Produk jadi,203,ETIKAL,DUS
TD,CAB02,IN6168-BRG0005,IN6168,2022-05-13,CUST55644,BRG0005,24.2412587412587,DUS,5648.30,IDR,Company,KLINIK GM,CAB03,Jakarta,Z31,Klinik,BRG0005,KLORPROMAZINA TABLET SALUT SELAPUT 100 MG,Produk jadi,203,SLCYL,TABLET
TA,CAB03,IN6192-BRG0006,IN6192,2022-05-14,CUST55645,BRG0006,10.0,DUS,2819.20,IDR,Company,APOTEK MERDEKA,CAB04,Bandung,Z32,Apotek,BRG0006,KETOCONAZOLE TABLET 200 MG,Produk jadi,205,OGB & PH,TABLET
EPM,CAB01,IN6285-BRG0001,IN6285,2022-05-15,CUST55646,BRG0001,130.0,DUS,4592.10,IDR,Company,KLINIK SAHABAT,CAB05,Tangerang,Z31,Klinik,BRG0001,ACYCLOVIR DUS,Produk jadi,206,OGB & PH,DUS
TD,CAB01,IN6077-BRG0002,IN6077,2022-05-16,CUST55647,BRG0002,12.0,DUS,3991.90,IDR,Company,APOTEK SINAR JAYA,CAB06,Bekasi,Z32,Apotek,BRG0002,ALERGINE TABLET SALUT,Produk jadi,203,ETIKAL,DUS
TA,CAB02,IN6057-BRG0003,IN6057,2022-05-17,CUST55648,BRG0003,10.0,DUS,5780.70,IDR,Company,APOTEK SAHABAT,CAB07,Padang,Z32,Apotek,BRG0003,AMPICILLIN,Produk jadi,210,MARCKS,BOTOL
EPM,CAB03,IN6252-BRG0004,IN6252,2022-05-18,CUST55649,BRG0004,67.0,DUS,6940.30,IDR,Company,KLINIK DR. ANDRI,CAB08,Lampung,Z31,Klinik,BRG0004,TRAMADOL KAPSUL 50 MG,Produk jadi,201,VNS,KAPSUL
TD,CAB03,IN6283-BRG0005,IN6283,2022-05-19,CUST55664,BRG0005,10.0,DUS,5648.30,IDR,Company,KLINIK DR. ANDRI,CAB08,Lampung,Z31,Klinik,BRG0005,KLORPROMAZINA TABLET SALUT SELAPUT 100 MG,Produk jadi,203,SLCYL,TABLET
TD,CAB04,IN6272-BRG0001,IN6272,2022-05-19,CUST55650,BRG0001,98.0,DUS,1169.91,IDR,Company,APOTEK TAPAK,CAB01,Aceh,Z32,Apotek,BRG0001,ACYCLOVIR DUS,Produk jadi,206,OGB & PH,DUS
TD,CAB05,IN6150-BRG0002,IN6150,2022-05-20,CUST55651,BRG0002,5.0,DUS,2337.50,IDR,Company,APOTEK MAJA,CAB02,Kuningan,Z32,Apotek,BRG0002,ALERGINE TABLET SALUT,Produk jadi,203,ETIKAL,DUS
TA,CAB04,IN6169-BRG0006,IN6169,2022-05-20,CUST55665,BRG0006,67.0,DUS,2819.20,IDR,Company,APOTEK TAPAK,CAB01,Aceh,Z32,Apotek,BRG0006,KETOCONAZOLE TABLET 200 MG,Produk jadi,205,OGB & PH,TABLET
TA,CAB06,IN6298-BRG0003,IN6298,2022-05-21,CUST55652,BRG0003,4.0,DUS,10690.60,IDR,Company,KLINIK GM,CAB03,Jakarta,Z31,Klinik,BRG0003,AMPICILLIN,Produk jadi,210,MARCKS,BOTOL
EPM,CAB05,IN6121-BRG0007,IN6121,2022-05-21,CUST55666,BRG0007,98.0,DUS,4592.10,IDR,Company,APOTEK MAJA,CAB02,Kuningan,Z32,Apotek,BRG0007,ERGOTAMINE COFFEINE,Produk jadi,206,ETIKAL,BOTOL
EPM,CAB07,IN6295-BRG0004,IN6295,2022-05-22,CUST55653,BRG0004,8.0,DUS,8700.70,IDR,Company,APOTEK MERDEKA,CAB04,Bandung,Z32,Apotek,BRG0004,TRAMADOL KAPSUL 50 MG,Produk jadi,201,VNS,KAPSUL
TD,CAB06,IN6117-BRG0008,IN6117,2022-05-22,CUST55667,BRG0008,5.0,DUS,3991.90,IDR,Company,KLINIK GM,CAB03,Jakarta,Z31,Klinik,BRG0008,TETRACYCLINE KAPSUL 250 MG,Produk jadi,204,MARCKS,KAPSUL
TD,CAB08,IN6022-BRG0005,IN6022,2022-05-23,CUST55654,BRG0005,9.0,DUS,5648.30,IDR,Company,KLINIK SAHABAT,CAB05,Tangerang,Z31,Klinik,BRG0005,KLORPROMAZINA TABLET SALUT SELAPUT 100 MG,Produk jadi,203,SLCYL,TABLET
TA,CAB07,IN6201-BRG0009,IN6201,2022-05-23,CUST55668,BRG0009,4.0,DUS,5780.70,IDR,Company,APOTEK MERDEKA,CAB04,Bandung,Z32,Apotek,BRG0009,AMBROXOL HC,Produk jadi,207,VNS,BOTOL
EPM,CAB08,IN6179-BRG0010,IN6179,2022-05-24,CUST55669,BRG0010,8.0,DUS,6940.30,IDR,Company,KLINIK SAHABAT,CAB05,Tangerang,Z31,Klinik,BRG0010,PARACETAMOL,Produk jadi,208,SLCYL,BOTOL
TA,CAB09,IN6090-BRG0006,IN6090,2022-05-24,CUST55655,BRG0006,21.3041958041958,DUS,2819.20,IDR,Company,APOTEK SINAR JAYA,CAB06,Bekasi,Z32,Apotek,BRG0006,KETOCONAZOLE TABLET 200 MG,Produk jadi,205,OGB & PH,TABLET
EPM,CAB10,IN5996-BRG0007,IN5996,2022-05-25,CUST55656,BRG0007,21.8916083916084,DUS,4592.10,IDR,Company,APOTEK SAHABAT,CAB07,Padang,Z32,Apotek,BRG0007,ERGOTAMINE COFFEINE,Produk jadi,206,ETIKAL,BOTOL
TD,CAB09,IN5978-BRG0001,IN5978,2022-05-25,CUST55670,BRG0001,9.0,DUS,1169.91,IDR,Company,APOTEK SINAR JAYA,CAB06,Bekasi,Z32,Apotek,BRG0001,ACYCLOVIR DUS,Produk jadi,206,OGB & PH,DUS
TD,CAB10,IN5993-BRG0002,IN5993,2022-05-26,CUST55671,BRG0002,1.0,DUS,2337.50,IDR,Company,APOTEK SAHABAT,CAB07,Padang,Z32,Apotek,BRG0002,ALERGINE TABLET SALUT,Produk jadi,203,ETIKAL,DUS
TD,CAB01,IN6111-BRG0008,IN6111,2022-05-26,CUST55657,BRG0008,12.493006993007,DUS,3991.90,IDR,Company,APOTEK TAPAK,CAB01,Aceh,Z32,Apotek,BRG0008,TETRACYCLINE KAPSUL 250 MG,Produk jadi,204,MARCKS,KAPSUL
TA,CAB01,IN6160-BRG0003,IN6160,2022-05-27,CUST55672,BRG0003,5.0,DUS,10690.60,IDR,Company,APOTEK TAPAK,CAB01,Aceh,Z32,Apotek,BRG0003,AMPICILLIN,Produk jadi,210,MARCKS,BOTOL
EPM,CAB01,IN6282-BRG0004,IN6282,2022-05-28,CUST55673,BRG0004,9.0,DUS,8700.70,IDR,Company,APOTEK MAJA,CAB02,Kuningan,Z32,Apotek,BRG0004,TRAMADOL KAPSUL 50 MG,Produk jadi,201,VNS,KAPSUL
TD,CAB02,IN6093-BRG0005,IN6093,2022-05-29,CUST55674,BRG0005,13.0,DUS,5648.30,IDR,Company,KLINIK GM,CAB03,Jakarta,Z31,Klinik,BRG0005,KLORPROMAZINA TABLET SALUT SELAPUT 100 MG,Produk jadi,203,SLCYL,TABLET
TA,CAB03,IN6166-BRG0006,IN6166,2022-05-30,CUST55675,BRG0006,1.0,DUS,2819.20,IDR,Company,APOTEK MERDEKA,CAB04,Bandung,Z32,Apotek,BRG0006,KETOCONAZOLE TABLET 200 MG,Produk jadi,205,OGB & PH,TABLET
EPM,CAB01,IN6010-BRG0001,IN6010,2022-05-31,CUST55676,BRG0001,5.0,DUS,4592.10,IDR,Company,KLINIK SAHABAT,CAB05,Tangerang,Z31,Klinik,BRG0001,ACYCLOVIR DUS,Produk jadi,206,OGB & PH,DUS
TD,CAB01,IN6100-BRG0002,IN6100,2022-06-01,CUST55677,BRG0002,9.0,DUS,3991.90,IDR,Company,APOTEK SINAR JAYA,CAB06,Bekasi,Z32,Apotek,BRG0002,ALERGINE TABLET SALUT,Produk jadi,203,ETIKAL,DUS
TD,CAB02,IN6222-BRG0003,IN6222,2022-06-02,CUST55678,BRG0003,1.0,DUS,5780.70,IDR,Company,APOTEK SAHABAT,CAB07,Padang,Z32,Apotek,BRG0003,AMPICILLIN,Produk jadi,210,MARCKS,BOTOL
TA,CAB03,IN6032-BRG0004,IN6032,2022-06-03,CUST55679,BRG0004,23.0,DUS,6940.30,IDR,Company,KLINIK DR. ANDRI,CAB08,Lampung,Z31,Klinik,BRG0004,TRAMADOL KAPSUL 50 MG,Produk jadi,201,VNS,KAPSUL
EPM,CAB04,IN6198-BRG0001,IN6198,2022-06-04,CUST55680,BRG0001,4.0,DUS,1169.91,IDR,Company,APOTEK TAPAK,CAB01,Aceh,Z32,Apotek,BRG0001,ACYCLOVIR DUS,Produk jadi,206,OGB & PH,DUS
TD,CAB05,IN6212-BRG0002,IN6212,2022-06-05,CUST55681,BRG0002,2.0,DUS,2337.50,IDR,Company,APOTEK MAJA,CAB02,Kuningan,Z32,Apotek,BRG0002,ALERGINE TABLET SALUT,Produk jadi,203,ETIKAL,DUS
TA,CAB06,IN6288-BRG0003,IN6288,2022-06-06,CUST55682,BRG0003,17.0,DUS,10690.60,IDR,Company,KLINIK GM,CAB03,Jakarta,Z31,Klinik,BRG0003,AMPICILLIN,Produk jadi,210,MARCKS,BOTOL
EPM,CAB07,IN6059-BRG0004,IN6059,2022-06-07,CUST55683,BRG0004,11.3181818181818,DUS,8700.70,IDR,Company,APOTEK MERDEKA,CAB04,Bandung,Z32,Apotek,BRG0004,TRAMADOL KAPSUL 50 MG,Produk jadi,201,VNS,KAPSUL
TD,CAB08,IN6236-BRG0005,IN6236,2022-06-08,CUST55684,BRG0005,11.9055944055944,DUS,5648.30,IDR,Company,KLINIK SAHABAT,CAB05,Tangerang,Z31,Klinik,BRG0005,KLORPROMAZINA TABLET SALUT SELAPUT 100 MG,Produk jadi,203,SLCYL,TABLET
TA,CAB09,IN6296-BRG0006,IN6296,2022-06-09,CUST55685,BRG0006,12.493006993007,DUS,2819.20,IDR,Company,APOTEK SINAR JAYA,CAB06,Bekasi,Z32,Apotek,BRG0006,KETOCONAZOLE TABLET 200 MG,Produk jadi,205,OGB & PH,TABLET
EPM,CAB10,IN6324-BRG0007,IN6324,2022-06-10,CUST55686,BRG0007,25.0,DUS,4592.10,IDR,Company,APOTEK SAHABAT,CAB07,Padang,Z32,Apotek,BRG0007,ERGOTAMINE COFFEINE,Produk jadi,206,ETIKAL,BOTOL
TD,CAB01,IN6091-BRG0008,IN6091,2022-06-11,CUST55687,BRG0008,13.6678321678322,DUS,3991.90,IDR,Company,APOTEK TAPAK,CAB01,Aceh,Z32,Apotek,BRG0008,TETRACYCLINE KAPSUL 250 MG,Produk jadi,204,MARCKS,KAPSUL
TD,CAB01,IN6033-BRG0009,IN6033,2022-06-12,CUST55688,BRG0009,34.0,DUS,5780.70,IDR,Company,APOTEK MAJA,CAB02,Kuningan,Z32,Apotek,BRG0009,AMBROXOL HC,Produk jadi,207,VNS,BOTOL
TA,CAB02,IN6159-BRG0010,IN6159,2022-06-13,CUST55689,BRG0010,67.0,DUS,6940.30,IDR,Company,KLINIK GM,CAB03,Jakarta,Z31,Klinik,BRG0010,PARACETAMOL,Produk jadi,208,SLCYL,BOTOL
EPM,CAB03,IN6264-BRG0001,IN6264,2022-06-14,CUST55690,BRG0001,15.4300699300699,DUS,1169.91,IDR,Company,APOTEK MERDEKA,CAB04,Bandung,Z32,Apotek,BRG0001,ACYCLOVIR DUS,Produk jadi,206,OGB & PH,DUS
TD,CAB01,IN6046-BRG0002,IN6046,2022-06-15,CUST55691,BRG0002,12.493006993007,DUS,2337.50,IDR,Company,KLINIK SAHABAT,CAB05,Tangerang,Z31,Klinik,BRG0002,ALERGINE TABLET SALUT,Produk jadi,203,ETIKAL,DUS
TA,CAB06,IN6012-BRG0003,IN6012,2022-06-16,CUST55712,BRG0003,5.0,DUS,10690.60,IDR,Company,KLINIK GM,CAB03,Jakarta,Z31,Klinik,BRG0003,AMPICILLIN,Produk jadi,210,MARCKS,BOTOL
EPM,CAB01,IN5992-BRG0002,IN5992,2022-06-16,CUST55707,BRG0002,23.0,DUS,3991.90,IDR,Company,APOTEK SINAR JAYA,CAB06,Bekasi,Z32,Apotek,BRG0002,ALERGINE TABLET SALUT,Produk jadi,203,ETIKAL,DUS
TA,CAB01,IN6109-BRG0003,IN6109,2022-06-16,CUST55702,BRG0003,12.493006993007,DUS,10690.60,IDR,Company,APOTEK TAPAK,CAB01,Aceh,Z32,Apotek,BRG0003,AMPICILLIN,Produk jadi,210,MARCKS,BOTOL
EPM,CAB01,IN6000-BRG0008,IN6000,2022-06-16,CUST55717,BRG0008,7.0,DUS,3991.90,IDR,Company,APOTEK TAPAK,CAB01,Aceh,Z32,Apotek,BRG0008,TETRACYCLINE KAPSUL 250 MG,Produk jadi,204,MARCKS,KAPSUL
TD,CAB06,IN6123-BRG0008,IN6123,2022-06-16,CUST55697,BRG0008,12.493006993007,DUS,3991.90,IDR,Company,KLINIK GM,CAB03,Jakarta,Z31,Klinik,BRG0008,TETRACYCLINE KAPSUL 250 MG,Produk jadi,204,MARCKS,KAPSUL
TA,CAB01,IN6268-BRG0003,IN6268,2022-06-16,CUST55692,BRG0003,25.0,DUS,10690.60,IDR,Company,APOTEK SINAR JAYA,CAB06,Bekasi,Z32,Apotek,BRG0003,AMPICILLIN,Produk jadi,210,MARCKS,BOTOL
TA,CAB01,IN6165-BRG0003,IN6165,2022-06-16,CUST55722,BRG0003,34.0,DUS,10690.60,IDR,Company,APOTEK SINAR JAYA,CAB06,Bekasi,Z32,Apotek,BRG0003,AMPICILLIN,Produk jadi,210,MARCKS,BOTOL
EPM,CAB06,IN6204-BRG0008,IN6204,2022-06-16,CUST55727,BRG0008,34.0,DUS,3991.90,IDR,Company,KLINIK GM,CAB03,Jakarta,Z31,Klinik,BRG0008,TETRACYCLINE KAPSUL 250 MG,Produk jadi,204,MARCKS,KAPSUL
